QUEST_20150317_000001	กรุณาเลือกผู้ใช้ที่ต้องรับการอัพเดทเควส
QUEST_20150317_000002	Statue of Goddess Vakarine
QUEST_20150317_000003	กรุณาเลือกพื้นที่
QUEST_20150317_000004	เลือก
QUEST_20150317_000005	กรุณาเลือกไอเทม
QUEST_20150317_000006	กรุณาเลือกกลุ่ม
QUEST_20150317_000007	กรุณาเลือกกลุ่ม cheat start
QUEST_20150317_000008	กรุณาเลือกโซน
QUEST_20150317_000009	กรุณาเลือกโซนเริ่มต้น
QUEST_20150317_000010	กรุณาเลือกอาชีพขั้นต่อไป
QUEST_20150317_000011	กรุณาเลือกอาชีพที่ต้องการ
QUEST_20150317_000012	Bokor Master
QUEST_20150317_000013	ข้าเข้าใจแล้วว่าเจ้าอยากจะรู้เพิ่มเติมเกี่ยวกับแผ่นหินนี้{nl}หากเจ้าต้องการ ข้าจะแสดงให้เจ้าเห็นถึงความประสงค์ของผู้ที่สร้างมันขึ้นมา
QUEST_20150317_000014	Goddess Laima
QUEST_20150317_000015	กว่าที่ท่านจะได้รับข้อความนี้ เวลาก็ได้ผ่านมาเนิ่นนานแล้ว{nl}ข้าคือเทพธิดาแห่งโชคชะตาและปัญญา  Laima คือนามของข้า{nl}
QUEST_20150317_000016	600 ปีก่อน ข้าได้มองเห็นนิมิตอันเลวร้าย เป็นช่วงเวลาแห่งความตายและทุกข์เข็ญ{nl}หากท่านเองก็มองเห็นมันเช่นกัน{memo not sure what the 'If you're seeing this,' is refering to} ข้าเกรงว่าช่วงเวลานั้นได้มาถึงแล้ว{nl}
QUEST_20150317_000017	พวกปีศาจได้เริ่มต้นการกำเนิดของมหาภัยพิบัติ และหลังจากนั้นเหล่าเทพธิดาทุกองค์ก็หายสาบสูญ{nl}ข้ารู้ดีว่ามันจะเกิดขึ้นและได้ทำทุกวิถีทางเพื่อที่จะหยุดยั้งมัน แต่ด้วยพลังที่ข้ามีนั้นไม่มากพอจะฝืนโชคชะตา{nl}
QUEST_20150317_000018	ข้าเดินทางรอนแรมผ่านความฝันและนิมิตมากมายเพื่อค้นหาหนทางแก้ไขวิกฤต{nl}และสิ่งที่ข้าเห็นที่ปลายสุดของนิมิตเหล่านั้นคือท่าน… ผู้กอบกู้{memo not sure if the word 'Savior' should be translated or not}{nl}
QUEST_20150317_000019	แต่โชคไม่เข้าข้าง ข้าไม่สามารถอยู่ที่ใดเป็นหลักแหล่งได้ในขณะที่พวกปีศาจยังออกตามล่าข้าอยู่ ด้วยพวกมันล่วงรู้ถึงอำนาจแห่งการพยากรณ์ของข้า{nl}ข้าถูกบังคับให้ต้องหลบซ่อน จนกว่าจะถึงเวลาที่ท่านปรากฏตัว{nl}
QUEST_20150317_000020	ข้าได้แบ่งพลังชิวิตของข้าและสถิตมันลงไปในข้อความจำนวนมากมาย{nl}ข้อความที่ข้าสร้างขึ้นอย่างลับๆ ตลอดระเวลาหลายร้อยหลายพันปี{nl}
QUEST_20150317_000021	ผู้กอบกู้เอ๋ย หากท่านสามารถช่วยให้ข้าได้ร่างที่แท้จริงของข้ากลับคืนมา เราจะสามารถร่วมมือกันหยุดยั้งแผนอันชั่วร้ายของพวกปีศาจ{nl}ท่านต้องตามหาชิ้นส่วนแห่งคำทำนาย{memo the english word is 'Revelations'}ที่ข้าได้ส่งพวกมันให้กระจัดกระจายออกไปและซ่อนเอาไว้
QUEST_20150317_000022	ภารกิจอันศักดิ์สิทธิ์นี้ช่างหนักหนานัก ข้ารู้ แต่นี่เป็นสิ่งที่ท่านมิอาจหลีกเลี่ยงได้{nl}ไม่แน่ว่า ในช่วงเวลาที่ท่านกำลังต้องฝ่าฟันความยากลำบาก อาจจะมีบางสิ่งเกิดขึ้นก็ได้{nl}
QUEST_20150317_000023	แต่ไม่ว่าจะอย่างไร มีเพียงพวกเราเท่ากันที่จะสามารถช่วยเหลือโลกนี้ได้{nl}
QUEST_20150317_000024	ข้าได้ส่งมอบชิ้นส่วนแห่งคำทำนาย{memo 'Revelation'}ชิ้นต่อไปให้แก่ Paladin คนแรก{memo cannot find a fitting translation for 'The first Paladin'}แล้ว{nl}เขาจะรอท่านอยู่ที่สวนดอกไม้ที่อยู่สูงที่สุด
QUEST_20150317_000025	{memo X}กลิ่นอายแห่งความมืดนี้ช่างให้ความรู้สึกหดหู่ยิ่งนัก…{nl}แต่หากว่าสิ่งนี้เป็นข้อความจากองค์เทพธิดา Laima จริงๆ แล้วล่ะก็ ข้าคงต้องบอกว่ามันเป็นสิ่งที่น่าอัศจรรย์ยิ่ง
QUEST_20150317_000026	{memo X}เอาล่ะ ตอนนี้เจ้าควรรีบไปพบ Sir Uska ได้แล้ว{nl}เขาจะบอกเจ้าเองว่าเจ้าต้องไปที่ใดต่อ{nl}ขอให้องค์เทพธิดาคุ้มครองเจ้า…
QUEST_20150317_000027	กรุณาเลือก Smart Gen ที่ท่านต้องการ
QUEST_20150317_000028	William
QUEST_20150317_000029	{memo X}ค่าจ้างคือ 100 silver{nl}ถือว่าเป็นราคาที่ถูกมากเลยนะถ้าเทียบกับที่เจ้าจะต้องเดินทางฝ่าฝูงมอนสเตอร์ไปน่ะ
QUEST_20150317_000030	Cyneburg
QUEST_20150317_000031	{memo X}เยี่ยม! เงินครบตามจำนวน{nl}นี่จะเป็นค่าแรงงานและค่าใช้จ่ายอื่นๆ สำหรับดำเนินการ
QUEST_20150317_000032	{memo X}เฮ้ เดี๋ยวก่อนเช่{nl}เจ้าก็รู้นี่นาว่าเงินจำนวนเท่านี้มันยังไม่พอ
QUEST_20150317_000033	{memo X}ข้าทำแบบนั้นไม่ได้หรอก!{nl}ข้าไม่สามารถทำงานให้ใครโดยที่ไม่ได้ค่าตอบแทนหรอกนะ แม้แต่เจ้าที่เป็น Revelator{memo cannot think of any good word in Thai} ก็ไม่มีข้อยกเว้น
QUEST_20150317_000034	Wandering Merchant
QUEST_20150317_000035	ข้าเป็นเพียงผู้ที่เดินทางไปตามสายลม เปรียบดั่งเมล็ดของดอก Dandelion{nl}ในเมื่อบางสิ่งทำให้เราได้มาพบกันอย่างน่าประหลาดเช่นนี้แล้ว บางทีท่านอาจจะอยากชมความประหลาดที่ข้าอยากนำเสนอดูบ้างกระมัง?
QUEST_20150317_000036	Kristina
QUEST_20150317_000037	ยินดีต้อนรับจ้า!{nl}กำลังมองหาเพื่อนร่วมการเดินทางอยู่ใช่มั้ย?{nl}ถ้าอย่างนั้นเจ้าก็มาถูกที่แล้วล่ะ เจ้าจะไม่ได้พบกับที่ใดที่สามารถหาคู่หูได้ดีเท่าที่นี่อีกแล้ว!
QUEST_20150317_000038	{memo X}เจ้าสามารถสั่งให้คู่หูของเจ้าดูเจ้าสู้เฉยๆ หรือจะสอนความสามารถพิเศษให้มันก็ยังได้{nl}และถ้าสามารถทำให้มันรักเจ้าได้ในระดับหนึ่ง เจ้าจะสามารถซื้ออุปกรณ์สวมใส่เจ๋งๆ ให้มันได้ด้วยนะ!{nl}
QUEST_20150317_000039	{memo X}แถมการเพิ่มค่าความรักให้พวกมันยังช่วยทำให้ได้รับค่าความอึดและการหลบหลีกที่มากขึ้นเมื่อเจ้าขึ้นขี่มัน!{nl}ฟังแล้วคิดยังไงบ้างล่ะ? อยากจะรับพวกมันไปเลี้ยงไว้สักตัวมั้ย?
QUEST_20150317_000040	{memo X}กล่องใบนี้ต้องใช้กุญแจเพื่อเปิด
QUEST_20150317_000041	เลือกเควส
QUEST_20150317_000042	เปลี่ยนแปลงสถานะของเควส
QUEST_20150317_000043	ต้องการเริ่มทันที?
QUEST_20150317_000044	ไอเทมที่จะถูกลบ
QUEST_20150317_000045	เลือก GenType
QUEST_20150317_000046	เลือกพิกัด
QUEST_20150317_000047	$Knight Titas
QUEST_20150317_000048	ถ้าอย่างนั้น เจ้าจงไปพบ Knight Commander Uska ในเมือง Klaipeda เถอะ{nl}แต่ก่อนอื่น ข้ามีเรื่องสำคัญต้องพูกกับเจ้าก่อน  ตามข้ามา
QUEST_20150317_000049	มันคงจะดีหากว่าจะมีช่วงเวลาให้ข้าได้ผ่อนคลายสักหน่อย…
QUEST_20150317_000050	Sparnas…{nl}เป็นศัตรูที่ไม่ควรประมาท…
QUEST_20150317_000051	Soldier Moody
QUEST_20150317_000052	เรารีบจัดการมอนสเตอร์พวกนี้กันก่อนเถอะ แล้วค่อยคุยกัน
QUEST_20150317_000053	Joint Investigation Team - Scott
QUEST_20150317_000054	ข้าน่ะ ปรารถนาถึงช่วงเวลาที่กลุ่มของข้าจะไม่มีความจำเป็นอีกต่อไปมานานมากแล้ว…{nl}มันคงเป็นยุคแสนสงบสุข…{nl}
QUEST_20150317_000055	ข้าไม่รู้ว่าจะเริ่มจากตรงไหนดี{nl}เจ้ารู้อะไรมาบ้างล่ะ?
QUEST_20150317_000056	โดยพระราชโองการ พวกเราเข้ามาที่ป่านี้เพื่อตรวจสอบเกี่ยวกับเหตุการณ์ประหลาด{nl}มีผู้เห็นเหตุการณ์รายงานว่าได้เห็นบางสิ่งที่มีใบหน้าขนาดใหญ่และนิ้วมือผอมแห้ง{nl}มันคืออะไรกันแน่นะ?
QUEST_20150317_000057	เมื่อสมัยก่อนมักจะมีผู้แสวงบุญเดินทางผ่านป่าผืนนี้{nl}แต่ดูตอนนี้สิ มีแต่ทหารอยู่เต็มไปหมดเพราะต้องอยู่เฝ้าคอยจัดการพวกมอนสเตอร์ที่โผล่ออกมา
QUEST_20150317_000058	ตั้งแต่อดีตจนถึงเมื่อสี่ปีก่อน พวกเราได้รับการอวยพรจากเหล่าเทพธิดาอยู่บ่อยครั้ง มันทำให้เราได้รับรู้ถึงการคงอยู่ของพวกนาง{nl}แต่ในเวลานี้ ไม่ว่าจะร่วมกันสวดอ้อนวอนเท่าไรกลับไม่มีสิ่งใดเกิดขึ้นเลย{nl}หรือนี่พวกนางได้ทอดทิ้งเราไปแล้วจริงๆ ?
QUEST_20150317_000059	ผบ. Vacenin ออกไปจัดการภารกิจที่แคว้นต่างๆ ด้วยตังเองน่ะ{nl}เขาไม่ค่อยชอบอยู่ในเมืองสักเท่าไหร่
QUEST_20150317_000060	เจ้าแค่มาหาที่พักเฉยๆ หรืออยากจะมาสมัครเข้าร่วมกับกองทัพล่ะ?{nl}ถ้าเจ้าสนใจ ข้าสามารถพาเจ้าไปแนะนำกับผู้บังคับบัญชาระดับสูงได้เลยนะ
QUEST_20150317_000061	อย่าได้ประมาทเชียว เจ้าพวกมอนสเตอร์น่ะ มันโผล่ออกมาไม่เลือกที่เลือกเวลาหรอกนะ
QUEST_20150317_000062	โอ… เทพธิดา Zemyna ท่านหายไปอยู่ที่ใดกัน…
QUEST_20150317_000063	เจ้าเรียกสิ่งนี้ว่าอะไรเหรอ?
QUEST_20150317_000064	ข้าคิดว่าเทพธิดาแห่งผืนพสุธา Zemyna น่ะ  นางคงจะรู้สึกเศร้าโศกกว่าผู้ใดเป็นแน่แท้
QUEST_20150317_000065	ที่นี่น่ะเป็นถิ่นที่อาศัยของพวก Pokubu แต่บางทีก็มีมอนสเตอร์ที่หน้าตาไม่คุ้นออกมาให้เห็นอยู่บ้าง
QUEST_20150317_000066	ข้าได้ลองคิดไตร่ตรองดูแล้ว เหล่าเทพธิดาจะต้องละทิ้งพวกเราไปแล้วแน่ๆ{nl}ไม่อย่างนั้นก็คงไม่มีมอนสเตอร์ออกมามากมายขนาดนี้หรอก
QUEST_20150317_000067	ว่ากันว่ามีชายผู้ได้รับพรจากองค์เทพธิดาอาศัยอยู่ในป่านี้
QUEST_20150317_000068	ข้าอยากกลับบ้าน
QUEST_20150317_000069	ดูเหมือนจำนวนของพวกมอนสเตอร์จะไม่ลดลงเลยนะ ไม่ว่าเราจะฆ่ามันไปเท่าไหร่
QUEST_20150317_000070	{memo X}Revelator  Julian ส่งเจ้ามาที่นี่หรือ?
QUEST_20150317_000071	ข้าประหลาดใจจริงๆ{nl}เจ้าเป็นคนแรกที่ข้าได้พบตลอดระยะเวลาหลายปีมานี้{nl}
QUEST_20150317_000072	ข้าจะให้เจ้าดูสิ่งที่ข้าได้เห็น
QUEST_20150317_000073	{memo X}ได้โปรด  กลับไปซะแล้วลืมข้าเสีย{nl}ดูเหมือนว่าหมู่มวลดอกไม้จะผลิบานอย่างงดงามเลยนะ
QUEST_20150317_000074	$Lena
QUEST_20150317_000075	ท่านช่วยเล่าเรื่องราวชีวิตของท่านให้ข้าฟังได้หรือไม่{nl}พวกเราคือผู้ที่ทำตามความประสงค์ของ Vibora  เราจดบันทึกเรื่องราวทั้งหมดทั้งมวลที่เกิดขึ้นบนโลกใบนี้
QUEST_20150317_000076	$Henryka
QUEST_20150317_000077	สวัสดี!{nl}ยินดีต้อนรับสู่สมาพันธ์ผู้วิเศษสาขาเมือง Klaipeda{nl}เราเชี่ยวชาญในการศึกษาปรากฏการณ์แปลกๆ ที่เกิดขึ้นเมื่อมีการนำไอเทมพิเศษมาผสมเข้าด้วยกัน
QUEST_20150317_000078	แถวนี้น่ะไม่มีอะไรให้มองหาหรอกนอกจากไอน้ำกับพวก Vubbe…{nl}เดี๋ยวก่อน  ไอ้ตัวหน้าบานที่กำลังพุ่งมาทางนี้มันคือตัวอะไรกัน?!
QUEST_20150317_000079	แผ่นดินนี้ต้องการการดูแลจากพวกเราเช่นกัน{nl}นี่มันคงยังไม่ถึงคราวจบสิ้นของโลกนี้หรอก… ใช่ไหม?
QUEST_20150317_000080	หากเรายังคงไว้ซึ่งมารยาทอันดีต่อกันได้แล้วละก็ นั่นจึงเรียกว่าเรายังรู้วิธีการใช้ชีวิตที่ถูกต้อง{nl}ไม่ว่าเรื่องราววุ่นวายที่กำลังเกิดนี้จะเป็นฝีมือพวกเราเองหรือไม่ ข้าคิดว่านี่เป็นโอกาสอันดีที่เราควรจะเริ่มคิดได้แล้วว่าพวกเราหวังพึ่งองค์เทพธิดามากเกินไป
QUEST_20150317_000081	Bulletin Board
QUEST_20150317_000082	ยินดีต้อนรับสู่เมืองเหมืองแร่แห่งนคร Klaipeda!
QUEST_20150317_000083	Indifferent Widow
QUEST_20150317_000084	ข้าไม่แน่ใจหรอกนะว่าข้าเข้าใจมันทั้งหมด{nl}แต่อย่างหนึ่งที่ข้ามั่นใจมากคือเหล่าเทพธิดาน่ะ พวกนางไม่ได้หายตัวไปพร้อมกันทั้งหมดหรอกนะ
QUEST_20150317_000085	องค์แรกที่หายตัวไปคือเทพธิดา Gabija{nl}ข้าได้ยินมาว่ามันเกิดขึ้นเมื่อนานมากแล้ว{nl}พวกนางค่อยๆ หายไปทีละองค์ ทีละองค์ เริ่มจาก Gabija{nl}
QUEST_20150317_000086	เทพธิดา Vakarine จากไปก่อนจะถึงวันแห่งต้นไม้ศักดิ์สิทธิ์เพียงไม่นาน{memo EN version 'Medzio Diena', Official website version 'Medis Diena'}{nl}และทั้ง Zemyna กับ Ausrine ก็ตามไปไม่นานหลังจากนั้น{nl}นี่ก็ผ่านมา 4 ปีแล้วหลังจากที่มันเกิดขึ้น{nl}
QUEST_20150317_000087	{memo X}ใช่แล้ว ที่ประหลาดที่สุดคือเทพธิดา Laima{nl}ไม่มีใครรู้แน่ชัดหรอกว่านางได้หายตัวไปเมื่อไหร่{nl}
QUEST_20150317_000088	{memo X}และอีกอย่าง นางคือเทพธิดาแห่งโชคชะตาและปัญญาไม่ใช่หรือ?{nl}บางทีนางอาจจะรู้เรื่องทุกอย่างอยู่แล้วก็ได้
QUEST_20150317_000089	Resting Soldier
QUEST_20150317_000090	ข้าก็เคยเป็นนักผจญภัยอย่างเจ้านี่แหละ จนกระทั่งข้าโดนธนูปักเข้าที่หัวเข่า…{nl}
QUEST_20150317_000091	นั่นมันไม่มีความหมายหรอก  จงออกมาสู้กับข้า เจ้าปีศาจ!{nl}
QUEST_20150317_000092	เทพธิดาองค์หนึ่งเพิ่งจะปรากฎกายในความฝันของข้า…{nl}มันช่างเป็นอะไรที่… ชวนให้ลุ่มหลง…{nl}
QUEST_20150317_000093	แต่ข้ายังคงมีหน้าที่ต้องปกป้องอาณาจักร  นั่นคือเหตุผลที่ข้ามาที่นี่
QUEST_20150317_000094	Uska เป็นสหายเก่าของข้าเอง{nl}
QUEST_20150317_000095	พวกเราผ่านบททดสอบการเป็นอัศวินมาด้วยกัน  ที่เขาประสบความสำเร็จได้ขนาดนี้ก็มีข้าที่แหละที่เป็นส่วนหนึ่งที่ผลักดันเขา{nl}อา… มันช่างเป็นคืนวันที่สุดเหวี่ยงจริงๆ  ถ้าข้าได้เจอเจ้านั่นอีกก็คงดี
QUEST_20150317_000096	{memo X}แต่เจ้าอย่าไปเชื่อทุกสิ่งที่เขาพูดล่ะ{nl}ที่บ้านเกิด เขามีชื่อเสียอยู่ว่าออกจะเป็นพวกชอบโชว์พาวอะนะ{nl}
QUEST_20150317_000097	ข้ารึ? ข้าคิดซะว่ามันเป็นเรื่องตลกน่ะ ก็เลยไม่คิดจะไปยุ่งอะไรด้วย
QUEST_20150317_000098	เอ่อ… เดี๋ยวก่อนนะ  ข้าขอถอนคำพูดที่บอกว่าอย่าเชื่อทุกอย่างที่เจ้าหมอนั่นพูด{nl}
QUEST_20150317_000099	จริงๆ แล้วอะไรก็ตามที่ออกจากปากหมอนั่นมันเป็นเรื่องลวงทั้งหมดนั่นแหละ  อย่าไว้ใจเขาเด็ดขาด
QUEST_20150317_000100	Siauliai Guard
QUEST_20150317_000101	{memo X}ระวังตัวด้วย เส้นทางข้างหน้ามีมอนสเตอร์ป้วนเปี้ยนอยู่
QUEST_20150317_000102	ป่านี้ไม่ได้สงบสุขอย่างที่คิดหรอกนะ แต่ก็ถือว่าดีกว่าที่อื่นๆ มากแล้วล่ะ{nl}ข้าได้ยินว่าป่าบางแห่ง ไม่มีสิ่งใดอาศัยอยู่เลยนอกจากวิญญาณที่วนเวียนอยู่เต็มไปหมด
QUEST_20150317_000103	นั่นคือชื่อที่ใช้เรียกผู้ที่ได้เห็นองค์เทพธิดาในความฝันของพวกเขา{nl}
QUEST_20150317_000104	ข้าเคยคิดว่าสิ่งที่พวก Revelator เห็นน่ะมันคือสิ่งที่พวกเขาคิดและจินตนาการขึ้นมาเองจากความบ้าคลั่ง{nl}เพราะใครๆ ต่างก็รู้ว่าเหล่าเทพธิดาได้จากพวกเราไปตั้งนานแล้ว{nl}
QUEST_20150317_000105	ก็มันคือเรื่องจริงไม่ใช่หรือไง ที่เหล่าเทพธิดาไม่เคยตอบรับเสียงอ้อนวอนของพวกเราเลยสักครั้งหลังจากเกิดเหตุการณ์วันแห่งต้นไม้ศักดิ์สิทธิ์{memo Medzio Diena}เมื่อ 4 ปีก่อน?
QUEST_20150317_000106	Class Master ของหลายๆ อาชีพกระจายตัวอยู่รอบๆ อาณาจักร{nl}ทำไมเจ้าไม่ลองไปหาพวกเขาแล้วขอเรียนในสิ่งที่เจ้าพอจะเรียนได้ดูล่ะ?
QUEST_20150317_000107	อะไรนะ เจ้าไม่รู้เกี่ยวกับวันแห่งต้นไม้ศักดิ์สิทธิ์{memo Medzio Diena}งั้นเรอะ? นี่เจ้าคงเดินทางมากจากพื้นที่ห่างไกลสุดๆ เลยสิท่า{nl}เมื่อ 4 ปีก่อน มีเรื่องไม่ดีมากๆ เกิดขึ้นในเมืองหลวงน่ะ{nl}
QUEST_20150317_000108	{memo X}มันคือหายนะครั้งใหญ่…  ผู้คนมากมายบาดเจ็บและล้มตาย{nl}สิ่งมีชีวิตที่ครั้งหนึ่งเคยอ่อนโยนและน่ารักกลับกลายเป็นอสุรกายซ้ำยังมีพวกมอนสเตอร์หน้าใหม่ๆ โผล่ออกมาอีก{nl}
QUEST_20150317_000109	ถ้าเจ้าต้องการเข้าใจว่ามันเกิดอะไรขึ้นในวันแห่งต้นไม้ศักดิ์สิทธิ์เมื่อ 4 ปีก่อน  จงไปที่เมือง Klaipeda{nl}ผู้คนที่รอดตายจากเหตุการณ์ครั้งนั้นหลายคนลี้ภัยอยู่ที่นั่น
QUEST_20150317_000110	Eastern Woods Sentinel
QUEST_20150317_000111	เจ้ากำลังมุ่งหน้าไปที่ Eastern Woods งั้นรึ?{nl}เจ้าเข้าไปที่นั่นไม่ได้นะ มันอันตรายเกินไป!{nl}
QUEST_20150317_000112	ให้ตายสิ ไอ้ตัวดื้อด้านนั่นกัดพวกเราไม่ปล่อยเลย!
QUEST_20150317_000113	{memo X}เสียงกรีดร้องนั่นมัน…  เราถูกโจมตี!
QUEST_20150317_000114	Safety Instructions
QUEST_20150317_000115	1. เฉพาะผู้ที่ได้รับอนุญาตเท่านั้น{nl}2. ปฏิบัติตามคำสั่งของหัวหน้างานอย่างเคร่งครัด{nl}
QUEST_20150317_000116	3. อย่าเข้าใกล้พื้นที่ที่ถูกปิด{nl}4. หากพบบุคคลต้องสงสัย ต้องรายงานต่ออัศวินของเมือง Klaipeda ทันที
QUEST_20150317_000117	Supply Base Soldier
QUEST_20150317_000118	ข้าไม่เคยได้เข้าร่วมการต่อสู้จริงๆ เลยสักครั้ง ก็เลยรู้สึกตื่นเต้นนิดหน่อยน่ะ
QUEST_20150317_000119	Farm Sentinel
QUEST_20150317_000120	สหายร่วมรบของข้ากำลังต่อสู้อยู่ที่ Miners' Village{nl}ข้าคิดว่าอยากจะไปช่วย แต่ที่ Eastern Woods นี้ก็กำลังตกอยู่ในวิกฤตเหมือนกัน  ดังนั้นข้าจึงทำได้แค่เป็นกังวล
QUEST_20150317_000121	ข้าคิดว่าภารกิจนี้คงทำให้ข้ารู้สึกเอียนเจ้ามอนสเตอร์พวกนี้ไปจนตายเลยล่ะ{nl}เมื่อก่อนนี้ที่ข้าเจอ อย่างมากก็แค่กลุ่มของพวก Vubbe
QUEST_20150317_000122	{memo X}Chupacabra มันชอบลำธารและก็พืชพันธุ์ที่เขียวชอุ่มของพื้นที่ทางเหนือ
QUEST_20150317_000123	Klaipeda Guard Captain
QUEST_20150317_000124	นี่เจ้าคือ…
QUEST_20150317_000125	{memo X}ดูเหมือนเจ้าจะสามารถมองเห็นแนวป่าด้านบนได้จากตรงนี้นะ{nl}ระวังตัวด้วยล่ะ
QUEST_20150317_000126	คุณไม่มีไอเทมที่จำเป็นสำหรับการทำเควส คุณแน่ใจหรือไม่ว่าต้องการดำเนินการต่อ?
QUEST_20150317_000127	Klaipeda Girl
QUEST_20150317_000128	เพื่อนบ้านของข้าก็เคยเป็นนักล่ามอนสเตอร์เหมือนกันนะ{nl}แต่เขาเลิกทำอาชีพนั้นแล้วล่ะ เขาบอกว่ามันเริ่มจะอันตรายเกินไปแล้ว
QUEST_20150317_000129	{memo X}ข้าอยากให้การที่พวก Revelator มารวมตัวกันที่นี่หมายความว่าเหล่าเทพธิดากำลังจะกลับมาจัง
QUEST_20150317_000130	มันอาจจะเป็นเรื่องงี่เง่าที่ยังหวังให้เหล่าเทพธิดากลับมา แต่มันก็ดีกว่าไม่มีความหวังอะไรเลย
QUEST_20150317_000131	Klaipeda Lady
QUEST_20150317_000132	พวกเรายังสามารถเติบโตได้บนแผ่นดินนี้ และยังคงมีบ้านอุ่นๆ ให้เราได้อาศัย{nl}ข้ายังเชื่อเสมอว่าเหล่าเทพธิดาไม่ได้หายไปไหน พวกนางยังอยู่ที่ไหนสักแห่งในโลกนี้แน่นอน
QUEST_20150317_000133	จงมีศรัทธา{nl}ข้าเชื่อว่าองค์เทพธิดาจะต้องส่งผู้กอบกู้{memo Savior}มาช่วยพวกเราแน่ๆ
QUEST_20150317_000134	Hoplite Master
QUEST_20150317_000135	ถ้าดาบคือเครื่องหมายแห่งอำนาจ อย่างนั้นหอกก็เป็นดั่งเช่นการทำลายล้าง{nl}เจ้าไขว่คว้าหาสิ่งใดเมื่อต้องลงสู่สนามรบ  อำนาจ หรือ การทำลายล้าง?
QUEST_20150317_000136	Machine Worker
QUEST_20150317_000137	ขนาดโลกกำลังปั่นป่วนขนาดนี้ แต่พวกเราก็ยังหยุดทำงานไม่ได้{nl}นี่ก็ผ่านมาตั้ง 4 ปีแล้ว มันยังไม่ถึงเวลาที่เราจะสงบศึกแล้วก็เริ่มต้นชีวิตใหม่กันอีกเหรอ?
QUEST_20150317_000138	รายได้หลักของเมือง Klaipeda น่ะมาจากการทำเหมืองซะเป็นส่วนใหญ่{nl}แต่หลังจากวันแห่งต้นไม้ศักดิ์สิทธิ์{memo Medzio Diena} ข้าว่าเราน่าจะเปลี่ยนไปทำอุตสาหกรรมตัดไม้มากกว่า
QUEST_20150317_000139	พ่อของข้าน่ะมีนิสัยแปลกๆ อยู่อย่างนึง เขาจะตรวจเช็คทุกหลืบ ทุกซอก ทุกมุมที่เขาผ่านเลยนะ ตาแก่นั่นหวังว่าจะเจออะไรที่มีค่าเข้าน่ะสิ{nl}แต่บางครั้งเขาก็ดวงดีจนน่าเหลือเชื่อ มีอยู่ครั้งหนึ่งเขาเจอสมบัติเป็นหีบเลยล่ะ  แต่ข้าสงสัยจริงๆ ว่าใครกันที่เอามันไปวางไว้ที่นั่น
QUEST_20150317_000140	Retired Hunter
QUEST_20150317_000141	ข้ายังจำได้ดีถึงการปะทะกันระหว่างพวกทหารกับมอนสเตอร์ขนาดยักษ์ตัวหนึ่งในหุบเขาลึก{nl}ตอนที่เห็นยักษ์ตนนั้นล้มลงข้านะรู้สึกทึ่งสุดๆ ไปเลย แต่ที่สุดยอดที่สุดคือตอนที่เห็นสมบัติที่มันทิ้งไว้ต่างหาก
QUEST_20150317_000142	Old Potter
QUEST_20150317_000143	ข้าใส่คำสวดของข้าลงไปในเครื่องดินเผาของข้าทุกชิ้น{nl}เพื่อที่วันหนึ่ง หม้อและไหพวกนี้จะเต็มเปี่ยมไปด้วยคำอวยพรของท่านเทพธิดา
QUEST_20150317_000144	{memo X}Swordman ควรจะต้องมีพละกำลัง(STR) หรือหากเจ้าต้องการจะฝึกฝนเพื่อให้มีความชำนาญ(DEX)และความแข็งแกร่ง(CON)ก็ย่อมได้{nl}แต่เจ้าต้องคิดเอาเองว่าจะเริ่มจากจุดไหนก่อนดี
QUEST_20150317_000145	Wizard พึ่งพาสติปัญญา(INT)เป็นหลัก แต่ก็ไม่ควรละเลยการฝึกฝนสมาธิ(SPR)ซึ่งจะช่วยให้สามารถใช้เวทย์มนตร์ได้มากขึ้น{nl}เจ้าต้องเลือกว่าจะให้ตัวเองมีความสมดุลหรือมีความโดดเด่นไปทางใดทางหนึ่ง{nl}
QUEST_20150317_000146	{memo X}สิ่งที่ Archer ธนูควรเน้นคือพละกำลัง(STR) แต่การฝึกให้มีความชำนาญและคล่องแคล่ว(DEX)ก็จะเป็นประโยชน์แก่เจ้าในการต่อสู้เช่นกัน{nl}ลองไตร่ตรองดูว่าเจ้าจะเริ่มฝึกฝนสิ่งใดก่อน{nl}
QUEST_20150317_000147	{memo X}Cleric จะเน้นไปที่สติปัญญา(INT) แต่บางครั้งพละกำลัง(STR)และสมาธิ(SPR)ก็สำคัญเช่นกัน{nl}แต่สิ่งแรกที่เจ้าต้องทำคือตัดสินใจซะก่อนว่าจะเลือกเดินไปทางใด{nl}
QUEST_20150317_000148	Doppelsoeldner Master
QUEST_20150317_000149	สิ่งที่ให้ผลคุ้มค่ามาพร้อมกับความเสี่ยงเสมอ{nl}เป็นธรรมาดาอยู่แล้ว ถ้าเจ้าอยากได้ค่าตอบแทนที่เยี่ยมยอด เจ้าต้องกล้าเอาตัวเองเข้าไปเสี่ยงกับอันตราย
QUEST_20150317_000150	Corsair Master
QUEST_20150317_000151	{memo X}ข้าจะไม่ยอมช่วยเหลือใครหรอกนะถ้าหากข้าคิดดูแล้วว่ามันไม่ได้ให้ประโยชน์อะไรต่อข้า
QUEST_20150317_000152	Boulder
QUEST_20150317_000153	เส้นทางถูกหินก้อนใหญ่ขวางไว้…
QUEST_20150317_000154	มันต้องได้รับการซ่อมแซม…
QUEST_20150317_000155	{memo X}มีหินก้อนใหญ่ขวางเส้นทางอยู่…
QUEST_20150317_000156	Magical Research Material
QUEST_20150317_000157	เหมือนว่าจะเป็นบันทึกการค้นคว้าของใครสักคนจาก Mage Tower{nl}คัดลอกมันไว้ดีมั้ย?
QUEST_20150317_000158	{memo X}การแอบซ่อนและลอบโจมตีไม่สามารถช่วยเจ้าแก้ปัญหาได้ในทุกสถานการณ์หรอกนะ{nl}Scout ที่ดีจะต้องเตรียมพร้อมสำหรับการต่อสู้แบบเผชิญหน้าอยู่เสมอด้วย
QUEST_20150317_000159	{memo X}เจ้าจำเป็นต้องมีของใช้หลายอย่างระหว่างการเดินทาง{nl}และอย่าลืมตรวจสอบให้แน่ใจว่าได้เตรียมเสบียงไว้พร้อมแล้ว
QUEST_20150317_000160	หากว่าเวทย์มนตร์ที่ควบคุมสิ่งนี้อยู่เสื่อมถอยลง ข้อความศักดิ์สิทธิ์ก็จะไม่ได้รับการคุ้มครองอีกต่อไป{memo not sure what does 'control magic' refers to}
QUEST_20150317_000161	Forgotten Thief's Cenotaph
QUEST_20150317_000162	ข้า  Zubeck  ขอทิ้งคำจารึกนี้ไว้{nl}แด่เกียรติแห่งการเป็นหัวขโมยที่ยิ่งใหญ่ที่สุดในประวัติศาสตร์  ข้าได้ท้าทายจอมเวทย์ผู้หนึ่ง 
QUEST_20150317_000163	แต่ข้าที่เป็นเพียงหัวขโมยอันต่ำต้อย  จะไปป่าวประกาศชัยชนะของตัวเองโดยที่ทำเพียงแค่ขโมยของบางอย่างจากนางเท่านั้นได้รึ?{nl}มันก็อาจจะเป็นไปได้  ถ้าเกิดว่าข้าสามารถปล้น Archmage ที่ยิ่งใหญ่ที่สุดจนหมดตัวโดยที่เขาไม่รู้ตัวได้อะนะ{nl}
QUEST_20150317_000164	แต่ไม่ ข้าทำแบบนั้นไม่ได้{nl}ข้าต้องการจะเป็นสุดยอดหัวขโมย ที่หนึ่งในประวัติศาสตร์ตลอดกาล ไม่ใช่แค่วันนี้พรุ่งนี้{nl}
QUEST_20150317_000165	ในที่สุด ข้าก็ค้นพบวิธีที่จะสามารถหลบรอดเข้าไปใน Mage Tower ได้{nl}การจะทำแบบนั้นได้บุคคลผู้นั้นจะต้องรวบรวมพลังเวทย์มนตร์ที่สถานที่จำเพาะแห่งหนึ่ง{nl}ทีนี้ ก็เหลือแค่ลงมือ
QUEST_20150317_000166	แล้วอุปกรณ์พิเศษของข้าก็จะทำงาน{nl}ถ้าเจ้าทำตามข้า เจ้าเองก็จะสามารถเข้าสู่ Mage Tower ได้เหมือนกัน{nl}
QUEST_20150317_000167	จากนั้น เจ้าก็จะได้สอนบทเรียนให้เจ้าพวกนักมายากลงี่เง่าพวกนั้นมันได้รู้ซะบ้าง ฮ่าๆๆๆๆ!
QUEST_20150317_000168	Commanding Monument
QUEST_20150317_000169	{memo X}หัวขโมยทุกคนที่ลักลอบเข้าสู่ Mage Tower ได้ถูกเผาทั้งเป็นหมดทุกราย{nl}ข้าทิ้งสิ่งนี้ไว้เป็นอนุสรณ์เตือนใจแก่ผู้บุกรุกที่อยากจะลองดี{nl}- Agailla Flurry
QUEST_20150317_000170	Demon Queen Gesti
QUEST_20150317_000171	เจ้าพวกมนุษย์อวดดี
QUEST_20150317_000172	เจ้าคอยดูเถอะ เรื่องมันยังไม่จบแค่นี้หรอก{nl}จงสวดภาวนาเข้าไว้เถอะ ให้ Laima ช่วยโลกของเจ้าได้
QUEST_20150317_000173	Klaipeda Officer
QUEST_20150317_000174	{memo X}ยินดีต้อนรับ ยินดีตอนรับ{nl}Sir Uska กำลังคอยท่านอยู่ที่จตุรัสกลางแห่งเมือง Klaipeda{nl}อ้อ ท่านต้องการสิ่งใดก่อนจะไปหรือไม่?
QUEST_20150317_000175	ท่านต้องการจะมุ่งหน้าไปที่ประตูเมือง Klaipeda เลยหรือเปล่าล่ะ?
QUEST_20150317_000176	Temporary Operator
QUEST_20150317_000177	กรุณาเปลี่ยนสถานะของตัวละครตัวนี้
QUEST_20150317_000178	การตั้งค่า NPC HIDE/UNHIDE!	
QUEST_20150317_000179	Follower Algis
QUEST_20150317_000180	ข้าจะเล่าถึงช่วงเวลาขณะที่องค์เทพธิดาได้ทำนายถึง Paladin คนแรกให้เจ้าฟัง{nl}มาสิ  ถ้ามีข้อสงสัยอะไรก็ถามมาได้เลย
QUEST_20150317_000181	ในอดีตเนิ่นนานมาแล้ว มีชนเผ่าเร่ร่อนเผ่าหนึ่งที่ต้องทนทุกข์กับโรคระบาดที่เกิดจากคำสาป{nl}Paladin คนแรก ท่านได้ใช้ Holy Relic ชิ้นหนึ่งปัดเป่าคำสาปให้แก่พวกเขา  มันเป็นการกระทำที่น่าเลื่อมใส{nl}
QUEST_20150317_000182	และพวก Watcher ก็คือผู้สืบสายเลือดของชนเผ่าเร่ร่อนนั้น{nl}แต่อย่างไรก็ตาม  Holy Relic ชิ้นนั้นไม่ได้มีไว้สำหรับช่วยเหลือเยียวยาคนกลุ่มนั้น{nl}
QUEST_20150317_000183	วันหนึ่ง  ท่าน Paladin ได้รับคำขอร้องจากองค์เทพธิดา  นั่นทำให้เขาได้เห็นบางสิ่ง{nl}ในขณะที่เขากำลังคิดหาทางว่าจะปกปิดความลับนี้ยังไง ชนเผ่าเร่ร่อนก็ได้ปรากฏตัว พร้อมกับคำสาปที่ติดตัวมา{nl}
QUEST_20150317_000184	พวกเขาสร้างคำปฏิญาณร่วมกันขึ้นมา 3 ข้อ ก่อนที่จะทำการล้างคำสาป{nl}
QUEST_20150317_000185	จะช่วยกันสร้าง Tenet Chapel{nl}จะแอบซ่อน Holy Relic ไว้ในดินแดนนี้และเฝ้าดูเพื่อปกป้องมัน{nl}จะต่อสู้ร่วมกันเมื่อใดที่ภยันตรายกล้ำกราย{nl}
QUEST_20150317_000186	ทั้งหมดนี้เพื่อปกป้องคำทำนาย{memo Revelation}ขององค์เทพธิดาที่ถูกซ่อนไว้ภายใน Tenet Chapel
QUEST_20150317_000187	แรกเริ่มเดิมที  Holy Relic ถูกสร้างขึ้นเพื่อปกป้องข้อความนั้น{nl}จุดประสงค์ของมันคือ มีไว้เพื่อเป็นเหยื่อล่อราชินีปีศาจและทำลายนาง{nl}
QUEST_20150317_000188	แต่ไม่ว่าจะอะไรก็เกิดขึ้นได้{nl}ถ้าแผนนั้นล่ม ก็มีความเป็นไปได้มากว่าการศึกครั้งสุดท้ายจะเกิดขึ้นที่วิหารแห่งนี้
QUEST_20150317_000189	Pawndel
QUEST_20150317_000190	ไงพวก?
QUEST_20150317_000191	จริงง่ะ?
QUEST_20150317_000192	Pawnd
QUEST_20150317_000193	เกิดอะไรขึ้น?
QUEST_20150317_000194	Gesti บอกให้พวกเราปกป้องที่นี่
QUEST_20150317_000195	งั้นข้าจะทำยังไงต่อไปดี?
QUEST_20150317_000196	ใช่ที่นี่แน่รึเปล่า?
QUEST_20150317_000197	กำลังอธิบาย
QUEST_20150317_000198	{memo X}บอกรายละเอียดของชิ้นส่วนแห่งคำทำนายที่พบใน Crystal Mine
QUEST_20150317_000199	{memo X}ข้าไม่รู้หรอกนะว่าเมื่อก่อนเจ้าเก่งกาจยังไงและข้าก็ไม่สนด้วย{nl}แต่ที่นี่ทุกคนต้องทำตามคำสั่งของ Royal Army ไม่เว้นแม้แต่พวกเจ้า อัศวินแห่ง Kaliss{nl}ที่นี่ คำพูดของพวกเราคือกฎ!
QUEST_20150317_000200	Graverobber Hubertas
QUEST_20150317_000201	พออยู่แถวๆ ซากโบราณนี่นานๆ มันทำให้ข้ารู้สึกหลอนชิบเป๋ง {nl}ว่าแต่เจ้าหมอนั่นมันมาทำอะไรที่นี่กันฟะ?
QUEST_20150317_000202	Graverobber Benjaminas
QUEST_20150317_000203	{memo X}คนอื่นเรียกเราว่านักปล้นสุสาน  แต่เราชอบเรียกตัวเองว่านักโบราณคดีมากกว่า {nl}พวกเราขุดคุ้ยและหาประโยชน์จากสิ่งของที่ไม่มีใครใช้แล้วพวกนี้ {nl}ก็ดีกว่าปล่อยให้พวกมันสูญสลายกลายเป็นฝุ่นไปใช่มั้ยล่ะ?
QUEST_20150317_000204	A Citizen's Journal
QUEST_20150317_000205	{memo X}เป็นเวลากว่า 1 ปีมาแล้วหลังจากที่สงครามกลางเมืองปะทุขึ้น ราคาข้าวของในเมืองพุ่งสูงขึ้นพรวดพราด {nl}นายพล Ruklys ได้ส่งเสบียงมาช่วยเพิ่มให้กับเมืองของเราที่กำลังขาดแคลน {nl}เราไม่ได้รับข่าวดีแบบนี้มาพักใหญ่แล้ว  แต่ก็มีเสียงพูดต่อๆ กันว่าราชา Kadumel กำลังออกตามล่านายพลคนนั้น {nl}สถานการณ์คงไม่ดีขึ้นในเร็วๆ นี้แน่
QUEST_20150317_000206	A Sentry's Report
QUEST_20150317_000207	{memo X}ค่ายทหารและจุดเฝ้าระวังต่างๆ ได้รับการเพิ่มกำลังเพื่อเตรียมรับมือการโจมตีจากกองกำลังของ พระราชา Kadumel ที่มีการเคลื่อนไหวอยู่ในประเทศ {nl}เป็นที่แน่ชัดแล้วว่ากองกำลังของพระราชานั้นมีขนาดใหญ่มาก {nl}แต่ถ้าหากว่านายพล Hayatin สามารถรวบรวมกองกำลังอาสาสมัครได้มากพอ  ก็มีความเป็นไปได้ว่าพระราชาที่ไร้ความสามารถพระองค์นี้จะต้องยอมแพ้หรือหลบหนี
QUEST_20150317_000208	A Trader's Log
QUEST_20150317_000209	{memo X}อาหารและเสบียงของเมืองนี้ใกล้จะหมดลงแล้ว {nl}(ข้อความที่เหลือไม่สามารถอ่านออกได้)
QUEST_20150317_000210	{memo X}ข่าวลือสะพัดไปทั่วว่า นายพล Ruklys ได้รับรู้สึกสภาพแร้นแค้นที่ประชาชนกำลังเผชิญอยู่แล้ว {nl}และกำลังเจรจากับราชา Kadumel เพื่อขอพระราชทานอภัยโทษให้แก่พวกเขา
QUEST_20150317_000211	An Officer's Record
QUEST_20150317_000212	{memo X}อัครมหาเสนาบดี Eminent ได้พูดคุยกับนายพล Ruklys {nl}พวกเราอาจจะต้องย้ายไปที่ Great Earth Fortress และปล่อยให้กองกำลังของพระราชายึดเมืองไป {nl}อย่างน้อยนั่นก็เป็นข่าวดีสำหรับพลเรือนของพวกเรา  ถึงจะโดนยึดเมืองไปแต่ป้อมปราการนี้พวกเราจะไม่ยอมเสียไปง่ายๆ แน่
QUEST_20150317_000213	{memo X}ราชา Kadumel ยังคงตั้งมั่นกับการไล่ล่าพวกชาวเมือง {nl}อัครมหาเสนาบดีกำลังกดดันให้นายพล Ruklys ยอมเจรจาเกี่ยวกับเงื่อนไขบางอย่างแลกกับการการันตีความปลอดภัยของพวกพลเรือนจากกองทัพของศัตรู {nl}แม้จะมีกองกำลังขององค์ราชาปักหลักอยู่ในเมือง แต่จนถึงตอนนี้ก็ยังไม่มีการเคลื่อนไหวใดที่ดูเหมือนการข่มขู่
QUEST_20150317_000214	{memo X}เราควรจะรอให้ Kostas มาถึงซะก่อน {nl}เรายังมีอีกหลายเรื่องที่ต้องทำ มันจะดีมากหากเขาสามารถมาถึงที่นี่ได้ในเร็วๆ นี้
QUEST_20150317_000215	Cryomancer Kostas
QUEST_20150317_000216	{memo X}ทุกสิ่งจะคลี่คลายเมื่อสัญลักษณ์แห่งแพรไหมปรากฏ {nl}เมื่อมีมัน เราจะสามารถฟื้นคืนเมืองนี้
QUEST_20150317_000217	Graverobber Rudolpas
QUEST_20150317_000218	{memo X}Royal Army และอัศวินแห่ง Kaliss… ข้าคิดว่าเราเจอขุมทองเข้าซะแล้วว่ะ {nl}แถวนี้น่ะ ไม่มีใครเรียกที่นี่ว่าบ้านอีกต่อไปแล้ว
QUEST_20150317_000219	A Royal Officer's Record
QUEST_20150317_000220	{memo X}ไม่มีความคืบหน้าใดอีกเลยหลังจากที่กลุ่มของ Ruklys ถอยไปตั้งหลักอยู่ที่ Great Earth Fortress {nl}พวกนักบวชที่อยู่ภายใต้การบัญชาการของ Maven ก็ไม่เต็มใจที่จะสู้สักเท่าไหร่  และตอนนี้องค์ราชาได้จ้างพวกจอมเวทย์ให้เข้าร่วมศึกนี้โดยจ่ายค่าตอบแทนไปก้อนใหญ่ทีเดียว {nl}แต่พวกเราคิดว่าสถานการณ์ก็คงไม่เปลี่ยนไปเท่าไหร่แม้จะได้พวกเขามาร่วมก็ตาม
QUEST_20150317_000221	Townsperson's Document
QUEST_20150317_000222	{memo X}มันเกิดขึ้นได้ยังไงกัน?! {nl}Lydia Schaffen กำลังหนุนหลังกองทัพของราชา Kadumel!
QUEST_20150317_000223	Army Official's Report
QUEST_20150317_000224	{memo X}ข้าได้ยินจากข่าวลือว่า Lydia Schaffen มาที่เมืองนี้พร้อมกับผู้ติดตามของนาง {nl}พวกทหารและพวกระดับเจ้าหน้าที่คาดการณ์กันว่านางจะเป็นผู้ที่มาเปลี่ยนกระแสของศึกนี้ {nl}องค์ราชามีรับสั่งลงมาให้พวกเราให้ความร่วมมือและสนับสนุนนางให้ดีที่สุด
QUEST_20150317_000225	Citizen's Record
QUEST_20150317_000226	Great Earth Fortress ล่มสลายแล้ว! ทุกอย่าง มันจบสิ้นแล้ว…
QUEST_20150317_000227	{memo X}นายพล Ruklys จบชีวิตลงในสนามรบ และป้อมปราการก็ถูกศัตรูเข้ายึดครอง {nl}บ้างว่าท่านนายพลถูกสังหารโดยลูกธนูของ Lydia Schaffen  บ้างก็ว่าเขาถูกเวทย์มนตร์ของจอมเวทย์ขององค์ราชาปลิดชีวิต {nl}มันเป็นข่าวที่น่าเศร้าจริงๆ
QUEST_20150317_000228	{memo X}เพื่อเป็นการให้ความช่วยเหลือแก่อัศวินแห่ง Kaliss  ข้าจึงแยกตัวออกจากสาขาหลักมาอยู่ที่นี่ {nl}ถ้าเจ้ามีปัญหาหรือความกังวลใดล่ะก็ ขอให้ไปติดต่อสาขาหลักที่ตั้งอยู่ที่จตุรัสแห่งความเศร้า
QUEST_20150317_000229	{memo X}พวกระดับสูงของอัศวินแห่ง Kaliss ทุ่มทุนไปกับที่นี่มาก  ข้าไม่รู้ว่าควรจะรู้สึกกับเรื่องนี้อย่างไรดี {nl}แล้วที่แย่ไปกว่านั้น พวกนักปล้นสุสานก็มาที่นี่กันแล้ว เราก็เลยได้แต่รอความช่วยเหลือ
QUEST_20150317_000230	{memo X}จนถึงตอนนี้ ข้าเคยได้แค่เห็นร่างต้องสาปของผู้วายชนม์  แต่ในเมื่อตอนนี้ข้ามาอยู่ที่แล้ว มันจะไม่เป็นเช่นนั้นอีกต่อไป
QUEST_20150317_000231	{memo X}การถอนคำสาปให้เมืองนี้จะสามารถช่วยให้คนที่ตายไปแล้วกลับฟื้นคืนได้รึ? {nl}ข้าเกรงว่าไม่  แต่นายเหนือหัวของพวกเราเสียสละไปมากเพื่อจะได้พื้นที่นี้คืน {nl}พวกท่านทำทุกอย่างที่ทำได้เพื่อจุดประสงค์นี้
QUEST_20150317_000232	Graverobber Stephonas
QUEST_20150317_000233	{memo X}พวกเราต่างจากพวกอันธพาลพวกนั้น {nl}พวกนั้นมันไร้ศักดิ์ศรีและก็ไม่มีชั้นเชิงทางธุรกิจเอาซะเลย! {nl}ถ้าครั้งนี้เจ้าช่วยข้าล่ะก็ ข้าจะตอบแทนเจ้าคืนแน่ๆ
QUEST_20150317_000234	Kingdom Army Rofdel
QUEST_20150317_000235	{memo X}ท่านสามารถมองเห็นทุกสิ่งทุกอย่างที่เกิดขึ้นภายในเมืองได้จากหอสังเกตุการณ์นี้ อย่างกับว่าเวลาภายในเมืองนั้นหยุดนิ่ง {nl}ในช่วงเวลาที่ฝนตก ท่านจะสามารถมองเห็นไปถึงเส้นทางแห่ง Ruklys ได้เลยทีเดียว  แต่ถ้าเป็นเวลาปกติมันจะโดนบดบังโดยฝุ่นละออง
QUEST_20150317_000236	{memo X}เราทุ่มเทลงแรงมานับร้อยปีเพื่อฟื้นฟูเศษซากอารยธรรมนี้ {nl}ด้วยความช่วยเหลือจากเจ้า เราอาจจะสามารถเรียนรู้เกี่ยวกับวันนั้นและบรรลุจุดมุ่งหมายของเราในที่สุด
QUEST_20150317_000237	Bokor Edita
QUEST_20150317_000238	{memo X}ที่นี่ต้องมีคำสาปอยู่แน่ ข้ามั่นใจ
QUEST_20150317_000239	Alchemist Saliamonas
QUEST_20150317_000240	{memo X}สถานที่นี้มันน่าสนใจจริงๆ  เมืองนี้เต็มไปด้วยมีสิ่งที่รอให้เราไปเรียนรู้และทดลอง
QUEST_20150317_000241	Graverobber Amanda
QUEST_20150317_000242	ครอบครัวของพวกเราน่ะไม่เหมือนกับเจ้าพวกโจรปล้นสุสานพวกนั้นหรอกนะ {nl}ถึงจะมีบิดเบือนกฎเพื่อผลประโยชน์ของตัวเราเองบ้างก็เถอะ…
QUEST_20150317_000243	{memo X}พวกทหารตายหมดแล้วงั้นเหรอ? {nl}ข้าไม่เคยเห็นอัญมณีฟรอสต์สโตนที่แปลกประหลายเท่านี้มาก่อนเลย {nl}มันเหมือนกับว่าทุกคนในเมืองพยายามซ่อนบางสิ่งด้วยการทำให้เกิดเหตุการณ์ในวันนั้นขึ้นอีกครั้ง
QUEST_20150317_000244	การเคลื่อนที่ด้วยความเร็วสูง
QUEST_20150317_000245	Torn Letter
QUEST_20150317_000246	ถึงพี่ชายอันเป็นที่รัก  ตอนนี้ที่ Fedimian…
QUEST_20150317_000247	Gesti รับรู้ถึงมันแล้ว {nl}ใจเย็นไว้ก่อน มันยังไม่ถึงเวลา
QUEST_20150317_000248	Off-duty Supply Trooper
QUEST_20150317_000249	ข้าไม่รู้นะว่าพวกในวังกำลังทำอะไรกันอยู่ {nl}แต่ได้ยินมาว่าพวกขุนนางน่ะหลบหนีออกจากเมืองไปแล้ว
QUEST_20150317_000250	ในเวลาแบบนี้น่ะ ให้ใช้ของที่เจ้าทำขึ้นเองจะดีกว่าไปหาซื้อเอา {nl}เดิมทีข้าเป็นทหารในหน่วยเสบียงมาก่อน แต่งานนั้นมันแทบไม่ต่างอะไรจากช่างตีดาบเลย
QUEST_20150317_000251
QUEST_20150317_000252
QUEST_20150317_000253
QUEST_20150317_000254
QUEST_20150317_000255
QUEST_20150317_000256
QUEST_20150317_000257
QUEST_20150317_000258
QUEST_20150317_000259
QUEST_20150317_000260
QUEST_20150317_000261
QUEST_20150317_000262
QUEST_20150317_000263
QUEST_20150317_000264
QUEST_20150317_000265
QUEST_20150317_000266
QUEST_20150317_000267
QUEST_20150317_000268
QUEST_20150317_000269
QUEST_20150317_000270
QUEST_20150317_000271
QUEST_20150317_000272
QUEST_20150317_000273
QUEST_20150317_000274
QUEST_20150317_000275
QUEST_20150317_000276
QUEST_20150317_000277
QUEST_20150317_000278
QUEST_20150317_000279
QUEST_20150317_000280
QUEST_20150317_000281
QUEST_20150317_000282
QUEST_20150317_000283
QUEST_20150317_000284
QUEST_20150317_000285
QUEST_20150317_000286
QUEST_20150317_000287
QUEST_20150317_000288
QUEST_20150317_000289
QUEST_20150317_000290
QUEST_20150317_000291
QUEST_20150317_000292
QUEST_20150317_000293
QUEST_20150317_000294
QUEST_20150317_000295
QUEST_20150317_000296
QUEST_20150317_000297
QUEST_20150317_000298
QUEST_20150317_000299
QUEST_20150317_000300
QUEST_20150317_000301
QUEST_20150317_000302
QUEST_20150317_000303
QUEST_20150317_000304
QUEST_20150317_000305
QUEST_20150317_000306
QUEST_20150317_000307
QUEST_20150317_000308
QUEST_20150317_000309
QUEST_20150317_000310
QUEST_20150317_000311
QUEST_20150317_000312
QUEST_20150317_000313
QUEST_20150317_000314
QUEST_20150317_000315
QUEST_20150317_000316
QUEST_20150317_000317
QUEST_20150317_000318
QUEST_20150317_000319
QUEST_20150317_000320
QUEST_20150317_000321
QUEST_20150317_000322
QUEST_20150317_000323
QUEST_20150317_000324
QUEST_20150317_000325
QUEST_20150317_000326
QUEST_20150317_000327
QUEST_20150317_000328
QUEST_20150317_000329
QUEST_20150317_000330
QUEST_20150317_000331
QUEST_20150317_000332
QUEST_20150317_000333
QUEST_20150317_000334
QUEST_20150317_000335
QUEST_20150317_000336
QUEST_20150317_000337
QUEST_20150317_000338
QUEST_20150317_000339
QUEST_20150317_000340
QUEST_20150317_000341
QUEST_20150317_000342
QUEST_20150317_000343
QUEST_20150317_000344
QUEST_20150317_000345
QUEST_20150317_000346
QUEST_20150317_000347
QUEST_20150317_000348
QUEST_20150317_000349
QUEST_20150317_000350
QUEST_20150317_000351
QUEST_20150317_000352
QUEST_20150317_000353
QUEST_20150317_000354
QUEST_20150317_000355
QUEST_20150317_000356
QUEST_20150317_000357
QUEST_20150317_000358
QUEST_20150317_000359
QUEST_20150317_000360
QUEST_20150317_000361
QUEST_20150317_000362
QUEST_20150317_000363
QUEST_20150317_000364
QUEST_20150317_000365
QUEST_20150317_000366
QUEST_20150317_000367
QUEST_20150317_000368
QUEST_20150317_000369
QUEST_20150317_000370
QUEST_20150317_000371
QUEST_20150317_000372
QUEST_20150317_000373
QUEST_20150317_000374
QUEST_20150317_000375
QUEST_20150317_000376
QUEST_20150317_000377
QUEST_20150317_000378
QUEST_20150317_000379
QUEST_20150317_000380
QUEST_20150317_000381
QUEST_20150317_000382
QUEST_20150317_000383
QUEST_20150317_000384
QUEST_20150317_000385
QUEST_20150317_000386
QUEST_20150317_000387
QUEST_20150317_000388
QUEST_20150317_000389
QUEST_20150317_000390
QUEST_20150317_000391
QUEST_20150317_000392
QUEST_20150317_000393
QUEST_20150317_000394
QUEST_20150317_000395
QUEST_20150317_000396
QUEST_20150317_000397
QUEST_20150317_000398
QUEST_20150317_000399
QUEST_20150317_000400
QUEST_20150317_000401
QUEST_20150317_000402
QUEST_20150317_000403
QUEST_20150317_000404
QUEST_20150317_000405
QUEST_20150317_000406
QUEST_20150317_000407
QUEST_20150317_000408
QUEST_20150317_000409
QUEST_20150317_000410
QUEST_20150317_000411
QUEST_20150317_000412
QUEST_20150317_000413
QUEST_20150317_000414
QUEST_20150317_000415
QUEST_20150317_000416
QUEST_20150317_000417
QUEST_20150317_000418
QUEST_20150317_000419
QUEST_20150317_000420
QUEST_20150317_000421
QUEST_20150317_000422
QUEST_20150317_000423
QUEST_20150317_000424
QUEST_20150317_000425
QUEST_20150317_000426
QUEST_20150317_000427
QUEST_20150317_000428
QUEST_20150317_000429
QUEST_20150317_000430
QUEST_20150317_000431
QUEST_20150317_000432
QUEST_20150317_000433
QUEST_20150317_000434
QUEST_20150317_000435
QUEST_20150317_000436
QUEST_20150317_000437
QUEST_20150317_000438
QUEST_20150317_000439
QUEST_20150317_000440
QUEST_20150317_000441
QUEST_20150317_000442
QUEST_20150317_000443
QUEST_20150317_000444
QUEST_20150317_000445
QUEST_20150317_000446
QUEST_20150317_000447
QUEST_20150317_000448
QUEST_20150317_000449
QUEST_20150317_000450
QUEST_20150317_000451
QUEST_20150317_000452
QUEST_20150317_000453
QUEST_20150317_000454
QUEST_20150317_000455
QUEST_20150317_000456
QUEST_20150317_000457
QUEST_20150317_000458
QUEST_20150317_000459
QUEST_20150317_000460
QUEST_20150317_000461
QUEST_20150317_000462
QUEST_20150317_000463
QUEST_20150317_000464
QUEST_20150317_000465
QUEST_20150317_000466
QUEST_20150317_000467
QUEST_20150317_000468
QUEST_20150317_000469
QUEST_20150317_000470
QUEST_20150317_000471
QUEST_20150317_000472
QUEST_20150317_000473
QUEST_20150317_000474
QUEST_20150317_000475
QUEST_20150317_000476
QUEST_20150317_000477
QUEST_20150317_000478
QUEST_20150317_000479
QUEST_20150317_000480
QUEST_20150317_000481
QUEST_20150317_000482
QUEST_20150317_000483
QUEST_20150317_000484
QUEST_20150317_000485
QUEST_20150317_000486
QUEST_20150317_000487
QUEST_20150317_000488
QUEST_20150317_000489
QUEST_20150317_000490
QUEST_20150317_000491
QUEST_20150317_000492
QUEST_20150317_000493
QUEST_20150317_000494
QUEST_20150317_000495
QUEST_20150317_000496
QUEST_20150317_000497
QUEST_20150317_000498
QUEST_20150317_000499
QUEST_20150317_000500
QUEST_20150317_000501
QUEST_20150317_000502
QUEST_20150317_000503
QUEST_20150317_000504
QUEST_20150317_000505
QUEST_20150317_000506
QUEST_20150317_000507
QUEST_20150317_000508
QUEST_20150317_000509
QUEST_20150317_000510
QUEST_20150317_000511
QUEST_20150317_000512
QUEST_20150317_000513
QUEST_20150317_000514
QUEST_20150317_000515
QUEST_20150317_000516
QUEST_20150317_000517
QUEST_20150317_000518
QUEST_20150317_000519
QUEST_20150317_000520
QUEST_20150317_000521
QUEST_20150317_000522
QUEST_20150317_000523
QUEST_20150317_000524
QUEST_20150317_000525
QUEST_20150317_000526
QUEST_20150317_000527
QUEST_20150317_000528
QUEST_20150317_000529
QUEST_20150317_000530
QUEST_20150317_000531
QUEST_20150317_000532
QUEST_20150317_000533
QUEST_20150317_000534
QUEST_20150317_000535
QUEST_20150317_000536
QUEST_20150317_000537
QUEST_20150317_000538
QUEST_20150317_000539
QUEST_20150317_000540
QUEST_20150317_000541
QUEST_20150317_000542
QUEST_20150317_000543
QUEST_20150317_000544
QUEST_20150317_000545
QUEST_20150317_000546
QUEST_20150317_000547
QUEST_20150317_000548
QUEST_20150317_000549
QUEST_20150317_000550
QUEST_20150317_000551
QUEST_20150317_000552
QUEST_20150317_000553
QUEST_20150317_000554
QUEST_20150317_000555
QUEST_20150317_000556
QUEST_20150317_000557
QUEST_20150317_000558
QUEST_20150317_000559
QUEST_20150317_000560
QUEST_20150317_000561
QUEST_20150317_000562
QUEST_20150317_000563
QUEST_20150317_000564
QUEST_20150317_000565
QUEST_20150317_000566
QUEST_20150317_000567
QUEST_20150317_000568
QUEST_20150317_000569
QUEST_20150317_000570
QUEST_20150317_000571
QUEST_20150317_000572
QUEST_20150317_000573
QUEST_20150317_000574
QUEST_20150317_000575
QUEST_20150317_000576
QUEST_20150317_000577
QUEST_20150317_000578
QUEST_20150317_000579
QUEST_20150317_000580
QUEST_20150317_000581
QUEST_20150317_000582
QUEST_20150317_000583
QUEST_20150317_000584
QUEST_20150317_000585
QUEST_20150317_000586
QUEST_20150317_000587
QUEST_20150317_000588
QUEST_20150317_000589
QUEST_20150317_000590
QUEST_20150317_000591
QUEST_20150317_000592
QUEST_20150317_000593
QUEST_20150317_000594
QUEST_20150317_000595
QUEST_20150317_000596
QUEST_20150317_000597
QUEST_20150317_000598
QUEST_20150317_000599
QUEST_20150317_000600
QUEST_20150317_000601
QUEST_20150317_000602
QUEST_20150317_000603
QUEST_20150317_000604
QUEST_20150317_000605
QUEST_20150317_000606
QUEST_20150317_000607
QUEST_20150317_000608
QUEST_20150317_000609
QUEST_20150317_000610
QUEST_20150317_000611
QUEST_20150317_000612
QUEST_20150317_000613
QUEST_20150317_000614
QUEST_20150317_000615
QUEST_20150317_000616
QUEST_20150317_000617
QUEST_20150317_000618
QUEST_20150317_000619
QUEST_20150317_000620
QUEST_20150317_000621
QUEST_20150317_000622
QUEST_20150317_000623
QUEST_20150317_000624
QUEST_20150317_000625
QUEST_20150317_000626
QUEST_20150317_000627
QUEST_20150317_000628
QUEST_20150317_000629
QUEST_20150317_000630
QUEST_20150317_000631
QUEST_20150317_000632
QUEST_20150317_000633
QUEST_20150317_000634
QUEST_20150317_000635
QUEST_20150317_000636
QUEST_20150317_000637
QUEST_20150317_000638
QUEST_20150317_000639
QUEST_20150317_000640
QUEST_20150317_000641
QUEST_20150317_000642
QUEST_20150317_000643
QUEST_20150317_000644
QUEST_20150317_000645
QUEST_20150317_000646
QUEST_20150317_000647
QUEST_20150317_000648
QUEST_20150317_000649
QUEST_20150317_000650
QUEST_20150317_000651
QUEST_20150317_000652
QUEST_20150317_000653
QUEST_20150317_000654
QUEST_20150317_000655
QUEST_20150317_000656
QUEST_20150317_000657
QUEST_20150317_000658
QUEST_20150317_000659
QUEST_20150317_000660
QUEST_20150317_000661
QUEST_20150317_000662
QUEST_20150317_000663
QUEST_20150317_000664
QUEST_20150317_000665
QUEST_20150317_000666
QUEST_20150317_000667
QUEST_20150317_000668
QUEST_20150317_000669
QUEST_20150317_000670
QUEST_20150317_000671
QUEST_20150317_000672
QUEST_20150317_000673
QUEST_20150317_000674
QUEST_20150317_000675
QUEST_20150317_000676
QUEST_20150317_000677
QUEST_20150317_000678
QUEST_20150317_000679
QUEST_20150317_000680
QUEST_20150317_000681
QUEST_20150317_000682
QUEST_20150317_000683
QUEST_20150317_000684
QUEST_20150317_000685
QUEST_20150317_000686
QUEST_20150317_000687
QUEST_20150317_000688
QUEST_20150317_000689
QUEST_20150317_000690
QUEST_20150317_000691
QUEST_20150317_000692
QUEST_20150317_000693
QUEST_20150317_000694
QUEST_20150317_000695
QUEST_20150317_000696
QUEST_20150317_000697
QUEST_20150317_000698
QUEST_20150317_000699
QUEST_20150317_000700
QUEST_20150317_000701
QUEST_20150317_000702
QUEST_20150317_000703
QUEST_20150317_000704
QUEST_20150317_000705
QUEST_20150317_000706
QUEST_20150317_000707
QUEST_20150317_000708
QUEST_20150317_000709
QUEST_20150317_000710
QUEST_20150317_000711
QUEST_20150317_000712
QUEST_20150317_000713
QUEST_20150317_000714
QUEST_20150317_000715
QUEST_20150317_000716
QUEST_20150317_000717
QUEST_20150317_000718
QUEST_20150317_000719
QUEST_20150317_000720
QUEST_20150317_000721
QUEST_20150317_000722
QUEST_20150317_000723
QUEST_20150317_000724
QUEST_20150317_000725
QUEST_20150317_000726
QUEST_20150317_000727
QUEST_20150317_000728
QUEST_20150317_000729
QUEST_20150317_000730
QUEST_20150317_000731
QUEST_20150317_000732
QUEST_20150317_000733
QUEST_20150317_000734
QUEST_20150317_000735
QUEST_20150317_000736
QUEST_20150317_000737
QUEST_20150317_000738
QUEST_20150317_000739
QUEST_20150317_000740
QUEST_20150317_000741
QUEST_20150317_000742
QUEST_20150317_000743
QUEST_20150317_000744
QUEST_20150317_000745
QUEST_20150317_000746
QUEST_20150317_000747
QUEST_20150317_000748
QUEST_20150317_000749
QUEST_20150317_000750
QUEST_20150317_000751
QUEST_20150317_000752
QUEST_20150317_000753
QUEST_20150317_000754
QUEST_20150317_000755
QUEST_20150317_000756
QUEST_20150317_000757
QUEST_20150317_000758
QUEST_20150317_000759
QUEST_20150317_000760
QUEST_20150317_000761
QUEST_20150317_000762
QUEST_20150317_000763
QUEST_20150317_000764
QUEST_20150317_000765
QUEST_20150317_000766
QUEST_20150317_000767
QUEST_20150317_000768
QUEST_20150317_000769
QUEST_20150317_000770
QUEST_20150317_000771
QUEST_20150317_000772
QUEST_20150317_000773
QUEST_20150317_000774
QUEST_20150317_000775
QUEST_20150317_000776
QUEST_20150317_000777
QUEST_20150317_000778
QUEST_20150317_000779
QUEST_20150317_000780
QUEST_20150317_000781
QUEST_20150317_000782
QUEST_20150317_000783
QUEST_20150317_000784
QUEST_20150317_000785
QUEST_20150317_000786
QUEST_20150317_000787
QUEST_20150317_000788
QUEST_20150317_000789
QUEST_20150317_000790
QUEST_20150317_000791
QUEST_20150317_000792
QUEST_20150317_000793
QUEST_20150317_000794
QUEST_20150317_000795
QUEST_20150317_000796
QUEST_20150317_000797
QUEST_20150317_000798
QUEST_20150317_000799
QUEST_20150317_000800
QUEST_20150317_000801
QUEST_20150317_000802
QUEST_20150317_000803
QUEST_20150317_000804
QUEST_20150317_000805
QUEST_20150317_000806
QUEST_20150317_000807
QUEST_20150317_000808
QUEST_20150317_000809
QUEST_20150317_000810
QUEST_20150317_000811
QUEST_20150317_000812
QUEST_20150317_000813
QUEST_20150317_000814
QUEST_20150317_000815
QUEST_20150317_000816
QUEST_20150317_000817
QUEST_20150317_000818
QUEST_20150317_000819
QUEST_20150317_000820
QUEST_20150317_000821
QUEST_20150317_000822
QUEST_20150317_000823
QUEST_20150317_000824
QUEST_20150317_000825
QUEST_20150317_000826
QUEST_20150317_000827
QUEST_20150317_000828
QUEST_20150317_000829
QUEST_20150317_000830
QUEST_20150317_000831
QUEST_20150317_000832
QUEST_20150317_000833
QUEST_20150317_000834
QUEST_20150317_000835
QUEST_20150317_000836
QUEST_20150317_000837
QUEST_20150317_000838
QUEST_20150317_000839
QUEST_20150317_000840
QUEST_20150317_000841
QUEST_20150317_000842
QUEST_20150317_000843
QUEST_20150317_000844
QUEST_20150317_000845
QUEST_20150317_000846
QUEST_20150317_000847
QUEST_20150317_000848
QUEST_20150317_000849
QUEST_20150317_000850
QUEST_20150317_000851
QUEST_20150317_000852
QUEST_20150317_000853
QUEST_20150317_000854
QUEST_20150317_000855
QUEST_20150317_000856
QUEST_20150317_000857
QUEST_20150317_000858
QUEST_20150317_000859
QUEST_20150317_000860
QUEST_20150317_000861
QUEST_20150317_000862
QUEST_20150317_000863
QUEST_20150317_000864
QUEST_20150317_000865
QUEST_20150317_000866
QUEST_20150317_000867
QUEST_20150317_000868
QUEST_20150317_000869
QUEST_20150317_000870
QUEST_20150317_000871
QUEST_20150317_000872
QUEST_20150317_000873
QUEST_20150317_000874
QUEST_20150317_000875
QUEST_20150317_000876
QUEST_20150317_000877
QUEST_20150317_000878
QUEST_20150317_000879
QUEST_20150317_000880
QUEST_20150317_000881
QUEST_20150317_000882
QUEST_20150317_000883
QUEST_20150317_000884
QUEST_20150317_000885
QUEST_20150317_000886
QUEST_20150317_000887
QUEST_20150317_000888
QUEST_20150317_000889
QUEST_20150317_000890
QUEST_20150317_000891
QUEST_20150317_000892
QUEST_20150317_000893
QUEST_20150317_000894
QUEST_20150317_000895
QUEST_20150317_000896
QUEST_20150317_000897
QUEST_20150317_000898
QUEST_20150317_000899
QUEST_20150317_000900
QUEST_20150317_000901
QUEST_20150317_000902
QUEST_20150317_000903
QUEST_20150317_000904
QUEST_20150317_000905
QUEST_20150317_000906
QUEST_20150317_000907
QUEST_20150317_000908
QUEST_20150317_000909
QUEST_20150317_000910
QUEST_20150317_000911
QUEST_20150317_000912
QUEST_20150317_000913
QUEST_20150317_000914
QUEST_20150317_000915
QUEST_20150317_000916
QUEST_20150317_000917
QUEST_20150317_000918
QUEST_20150317_000919
QUEST_20150317_000920
QUEST_20150317_000921
QUEST_20150317_000922
QUEST_20150317_000923
QUEST_20150317_000924
QUEST_20150317_000925
QUEST_20150317_000926
QUEST_20150317_000927
QUEST_20150317_000928
QUEST_20150317_000929
QUEST_20150317_000930
QUEST_20150317_000931
QUEST_20150317_000932
QUEST_20150317_000933
QUEST_20150317_000934
QUEST_20150317_000935
QUEST_20150317_000936
QUEST_20150317_000937
QUEST_20150317_000938
QUEST_20150317_000939
QUEST_20150317_000940
QUEST_20150317_000941
QUEST_20150317_000942
QUEST_20150317_000943
QUEST_20150317_000944
QUEST_20150317_000945
QUEST_20150317_000946
QUEST_20150317_000947
QUEST_20150317_000948
QUEST_20150317_000949
QUEST_20150317_000950
QUEST_20150317_000951
QUEST_20150317_000952
QUEST_20150317_000953
QUEST_20150317_000954
QUEST_20150317_000955
QUEST_20150317_000956
QUEST_20150317_000957
QUEST_20150317_000958
QUEST_20150317_000959
QUEST_20150317_000960
QUEST_20150317_000961
QUEST_20150317_000962
QUEST_20150317_000963
QUEST_20150317_000964
QUEST_20150317_000965
QUEST_20150317_000966
QUEST_20150317_000967
QUEST_20150317_000968
QUEST_20150317_000969
QUEST_20150317_000970
QUEST_20150317_000971
QUEST_20150317_000972
QUEST_20150317_000973
QUEST_20150317_000974
QUEST_20150317_000975
QUEST_20150317_000976
QUEST_20150317_000977
QUEST_20150317_000978
QUEST_20150317_000979
QUEST_20150317_000980
QUEST_20150317_000981
QUEST_20150317_000982
QUEST_20150317_000983
QUEST_20150317_000984
QUEST_20150317_000985
QUEST_20150317_000986
QUEST_20150317_000987
QUEST_20150317_000988
QUEST_20150317_000989
QUEST_20150317_000990
QUEST_20150317_000991
QUEST_20150317_000992
QUEST_20150317_000993
QUEST_20150317_000994
QUEST_20150317_000995
QUEST_20150317_000996
QUEST_20150317_000997
QUEST_20150317_000998
QUEST_20150317_000999
QUEST_20150317_001000
QUEST_20150317_001001
QUEST_20150317_001002
QUEST_20150317_001003
QUEST_20150317_001004
QUEST_20150317_001005
QUEST_20150317_001006
QUEST_20150317_001007
QUEST_20150317_001008
QUEST_20150317_001009
QUEST_20150317_001010
QUEST_20150317_001011
QUEST_20150317_001012
QUEST_20150317_001013
QUEST_20150317_001014
QUEST_20150317_001015
QUEST_20150317_001016
QUEST_20150317_001017
QUEST_20150317_001018
QUEST_20150317_001019
QUEST_20150317_001020
QUEST_20150317_001021
QUEST_20150317_001022
QUEST_20150317_001023
QUEST_20150317_001024
QUEST_20150317_001025
QUEST_20150317_001026
QUEST_20150317_001027
QUEST_20150317_001028
QUEST_20150317_001029
QUEST_20150317_001030
QUEST_20150317_001031
QUEST_20150317_001032
QUEST_20150317_001033
QUEST_20150317_001034
QUEST_20150317_001035
QUEST_20150317_001036
QUEST_20150317_001037
QUEST_20150317_001038
QUEST_20150317_001039
QUEST_20150317_001040
QUEST_20150317_001041
QUEST_20150317_001042
QUEST_20150317_001043
QUEST_20150317_001044
QUEST_20150317_001045
QUEST_20150317_001046
QUEST_20150317_001047
QUEST_20150317_001048
QUEST_20150317_001049
QUEST_20150317_001050
QUEST_20150317_001051
QUEST_20150317_001052
QUEST_20150317_001053
QUEST_20150317_001054
QUEST_20150317_001055
QUEST_20150317_001056
QUEST_20150317_001057
QUEST_20150317_001058
QUEST_20150317_001059
QUEST_20150317_001060
QUEST_20150317_001061
QUEST_20150317_001062
QUEST_20150317_001063
QUEST_20150317_001064
QUEST_20150317_001065
QUEST_20150317_001066
QUEST_20150317_001067
QUEST_20150317_001068
QUEST_20150317_001069
QUEST_20150317_001070
QUEST_20150317_001071
QUEST_20150317_001072
QUEST_20150317_001073
QUEST_20150317_001074
QUEST_20150317_001075
QUEST_20150317_001076
QUEST_20150317_001077
QUEST_20150317_001078
QUEST_20150317_001079
QUEST_20150317_001080
QUEST_20150317_001081
QUEST_20150317_001082
QUEST_20150317_001083
QUEST_20150317_001084
QUEST_20150317_001085
QUEST_20150317_001086
QUEST_20150317_001087
QUEST_20150317_001088
QUEST_20150317_001089
QUEST_20150317_001090
QUEST_20150317_001091
QUEST_20150317_001092
QUEST_20150317_001093
QUEST_20150317_001094
QUEST_20150317_001095
QUEST_20150317_001096
QUEST_20150317_001097
QUEST_20150317_001098
QUEST_20150317_001099
QUEST_20150317_001100
QUEST_20150317_001101
QUEST_20150317_001102
QUEST_20150317_001103
QUEST_20150317_001104
QUEST_20150317_001105
QUEST_20150317_001106
QUEST_20150317_001107
QUEST_20150317_001108
QUEST_20150317_001109
QUEST_20150317_001110
QUEST_20150317_001111
QUEST_20150317_001112
QUEST_20150317_001113
QUEST_20150317_001114
QUEST_20150317_001115
QUEST_20150317_001116
QUEST_20150317_001117
QUEST_20150317_001118
QUEST_20150317_001119
QUEST_20150317_001120
QUEST_20150317_001121
QUEST_20150317_001122
QUEST_20150317_001123
QUEST_20150317_001124
QUEST_20150317_001125
QUEST_20150317_001126
QUEST_20150317_001127
QUEST_20150317_001128
QUEST_20150317_001129
QUEST_20150317_001130
QUEST_20150317_001131
QUEST_20150317_001132
QUEST_20150317_001133
QUEST_20150317_001134
QUEST_20150317_001135
QUEST_20150317_001136
QUEST_20150317_001137
QUEST_20150317_001138
QUEST_20150317_001139
QUEST_20150317_001140
QUEST_20150317_001141
QUEST_20150317_001142
QUEST_20150317_001143
QUEST_20150317_001144
QUEST_20150317_001145
QUEST_20150317_001146
QUEST_20150317_001147
QUEST_20150317_001148
QUEST_20150317_001149
QUEST_20150317_001150
QUEST_20150317_001151
QUEST_20150317_001152
QUEST_20150317_001153
QUEST_20150317_001154
QUEST_20150317_001155
QUEST_20150317_001156
QUEST_20150317_001157
QUEST_20150317_001158
QUEST_20150317_001159
QUEST_20150317_001160
QUEST_20150317_001161
QUEST_20150317_001162
QUEST_20150317_001163
QUEST_20150317_001164
QUEST_20150317_001165
QUEST_20150317_001166
QUEST_20150317_001167
QUEST_20150317_001168
QUEST_20150317_001169
QUEST_20150317_001170
QUEST_20150317_001171
QUEST_20150317_001172
QUEST_20150317_001173
QUEST_20150317_001174
QUEST_20150317_001175
QUEST_20150317_001176
QUEST_20150317_001177
QUEST_20150317_001178
QUEST_20150317_001179
QUEST_20150317_001180
QUEST_20150317_001181
QUEST_20150317_001182
QUEST_20150317_001183
QUEST_20150317_001184
QUEST_20150317_001185
QUEST_20150317_001186
QUEST_20150317_001187
QUEST_20150317_001188
QUEST_20150317_001189
QUEST_20150317_001190
QUEST_20150317_001191
QUEST_20150317_001192
QUEST_20150317_001193
QUEST_20150317_001194
QUEST_20150317_001195
QUEST_20150317_001196
QUEST_20150317_001197
QUEST_20150317_001199
QUEST_20150317_001200
QUEST_20150317_001201
QUEST_20150317_001202
QUEST_20150317_001203
QUEST_20150317_001204
QUEST_20150317_001205
QUEST_20150317_001206
QUEST_20150317_001207
QUEST_20150317_001208
QUEST_20150317_001209
QUEST_20150317_001210
QUEST_20150317_001211
QUEST_20150317_001212
QUEST_20150317_001213
QUEST_20150317_001214
QUEST_20150317_001215
QUEST_20150317_001216
QUEST_20150317_001217
QUEST_20150317_001218
QUEST_20150317_001219
QUEST_20150317_001220
QUEST_20150317_001221
QUEST_20150317_001222
QUEST_20150317_001223
QUEST_20150317_001224
QUEST_20150317_001225
QUEST_20150317_001226
QUEST_20150317_001227
QUEST_20150317_001228
QUEST_20150317_001229
QUEST_20150317_001230
QUEST_20150317_001231
QUEST_20150317_001232
QUEST_20150317_001233
QUEST_20150317_001234
QUEST_20150317_001235
QUEST_20150317_001236
QUEST_20150317_001237
QUEST_20150317_001238
QUEST_20150317_001239
QUEST_20150317_001240
QUEST_20150317_001241
QUEST_20150317_001242
QUEST_20150317_001243
QUEST_20150317_001244
QUEST_20150317_001245
QUEST_20150317_001246
QUEST_20150317_001247
QUEST_20150317_001248
QUEST_20150317_001249
QUEST_20150317_001250
QUEST_20150317_001251
QUEST_20150317_001252
QUEST_20150317_001253
QUEST_20150317_001254
QUEST_20150317_001255
QUEST_20150317_001256
QUEST_20150317_001257
QUEST_20150317_001258
QUEST_20150317_001259
QUEST_20150317_001260
QUEST_20150317_001261
QUEST_20150317_001262
QUEST_20150317_001263
QUEST_20150317_001264
QUEST_20150317_001265
QUEST_20150317_001266
QUEST_20150317_001267
QUEST_20150317_001268
QUEST_20150317_001269
QUEST_20150317_001270
QUEST_20150317_001271
QUEST_20150317_001272
QUEST_20150317_001273
QUEST_20150317_001274
QUEST_20150317_001275
QUEST_20150317_001276
QUEST_20150317_001277
QUEST_20150317_001278
QUEST_20150317_001279
QUEST_20150317_001280
QUEST_20150317_001281
QUEST_20150317_001282
QUEST_20150317_001283
QUEST_20150317_001284
QUEST_20150317_001285
QUEST_20150317_001286
QUEST_20150317_001287
QUEST_20150317_001288
QUEST_20150317_001289
QUEST_20150317_001290
QUEST_20150317_001291
QUEST_20150317_001292
QUEST_20150317_001293
QUEST_20150317_001294
QUEST_20150317_001295
QUEST_20150317_001296
QUEST_20150317_001297
QUEST_20150317_001298
QUEST_20150317_001299
QUEST_20150317_001300
QUEST_20150317_001301
QUEST_20150317_001302
QUEST_20150317_001303
QUEST_20150317_001304
QUEST_20150317_001305
QUEST_20150317_001306
QUEST_20150317_001307
QUEST_20150317_001308
QUEST_20150317_001309
QUEST_20150317_001310
QUEST_20150317_001311
QUEST_20150317_001312
QUEST_20150317_001313
QUEST_20150317_001314
QUEST_20150317_001315
QUEST_20150317_001316
QUEST_20150317_001317
QUEST_20150317_001318
QUEST_20150317_001319
QUEST_20150317_001320
QUEST_20150317_001321
QUEST_20150317_001322
QUEST_20150317_001323
QUEST_20150317_001324
QUEST_20150317_001325
QUEST_20150317_001326
QUEST_20150317_001327
QUEST_20150317_001328
QUEST_20150317_001329
QUEST_20150317_001330
QUEST_20150317_001331
QUEST_20150317_001332
QUEST_20150317_001333
QUEST_20150317_001334
QUEST_20150317_001335
QUEST_20150317_001336
QUEST_20150317_001337
QUEST_20150317_001338
QUEST_20150317_001339
QUEST_20150317_001340
QUEST_20150317_001341
QUEST_20150317_001342
QUEST_20150317_001343
QUEST_20150317_001344
QUEST_20150317_001345
QUEST_20150317_001346
QUEST_20150317_001347
QUEST_20150317_001348
QUEST_20150317_001349
QUEST_20150317_001350
QUEST_20150317_001351
QUEST_20150317_001352
QUEST_20150317_001353
QUEST_20150317_001354
QUEST_20150317_001355
QUEST_20150317_001356
QUEST_20150317_001357
QUEST_20150317_001358
QUEST_20150317_001359
QUEST_20150317_001360
QUEST_20150317_001361
QUEST_20150317_001362
QUEST_20150317_001363
QUEST_20150317_001364
QUEST_20150317_001365
QUEST_20150317_001366
QUEST_20150317_001367
QUEST_20150317_001368
QUEST_20150317_001369
QUEST_20150317_001370
QUEST_20150317_001371
QUEST_20150317_001372
QUEST_20150317_001373
QUEST_20150317_001374
QUEST_20150317_001375
QUEST_20150317_001376
QUEST_20150317_001377
QUEST_20150317_001378
QUEST_20150317_001379
QUEST_20150317_001380
QUEST_20150317_001381
QUEST_20150317_001382
QUEST_20150317_001383
QUEST_20150317_001384
QUEST_20150317_001385
QUEST_20150317_001386
QUEST_20150317_001387
QUEST_20150317_001388
QUEST_20150317_001389
QUEST_20150317_001390
QUEST_20150317_001391
QUEST_20150317_001392
QUEST_20150317_001393
QUEST_20150317_001394
QUEST_20150317_001395
QUEST_20150317_001396
QUEST_20150317_001397
QUEST_20150317_001398
QUEST_20150317_001399
QUEST_20150317_001400
QUEST_20150317_001401
QUEST_20150317_001402
QUEST_20150317_001403
QUEST_20150317_001404
QUEST_20150317_001405
QUEST_20150317_001406
QUEST_20150317_001407
QUEST_20150317_001408
QUEST_20150317_001409
QUEST_20150317_001410
QUEST_20150317_001411
QUEST_20150317_001412
QUEST_20150317_001413
QUEST_20150317_001414
QUEST_20150317_001415
QUEST_20150317_001416
QUEST_20150317_001417
QUEST_20150317_001418
QUEST_20150317_001419
QUEST_20150317_001420
QUEST_20150317_001421
QUEST_20150317_001422
QUEST_20150317_001423
QUEST_20150323_001424
QUEST_20150323_001425
QUEST_20150323_001426
QUEST_20150323_001427
QUEST_20150323_001428
QUEST_20150323_001429
QUEST_20150323_001430
QUEST_20150323_001431
QUEST_20150323_001432
QUEST_20150323_001433
QUEST_20150323_001434
QUEST_20150323_001435
QUEST_20150323_001436
QUEST_20150323_001437
QUEST_20150323_001438
QUEST_20150323_001439
QUEST_20150323_001440
QUEST_20150323_001441
QUEST_20150323_001442
QUEST_20150323_001443
QUEST_20150323_001444
QUEST_20150323_001445
QUEST_20150323_001446
QUEST_20150323_001447
QUEST_20150323_001448
QUEST_20150323_001449
QUEST_20150323_001450
QUEST_20150323_001451
QUEST_20150323_001452
QUEST_20150323_001453
QUEST_20150323_001454
QUEST_20150323_001455
QUEST_20150323_001456
QUEST_20150323_001457
QUEST_20150323_001458
QUEST_20150323_001459
QUEST_20150323_001460
QUEST_20150323_001461
QUEST_20150323_001462
QUEST_20150323_001463
QUEST_20150323_001464
QUEST_20150323_001465
QUEST_20150323_001466
QUEST_20150323_001467
QUEST_20150323_001468
QUEST_20150323_001469
QUEST_20150323_001470
QUEST_20150323_001471
QUEST_20150323_001472
QUEST_20150323_001473
QUEST_20150323_001474
QUEST_20150323_001475
QUEST_20150323_001476
QUEST_20150323_001477
QUEST_20150323_001478
QUEST_20150323_001479
QUEST_20150323_001480
QUEST_20150323_001481
QUEST_20150323_001482
QUEST_20150323_001483
QUEST_20150323_001484
QUEST_20150323_001485
QUEST_20150323_001486
QUEST_20150323_001487
QUEST_20150323_001488
QUEST_20150323_001489
QUEST_20150323_001490
QUEST_20150323_001491
QUEST_20150323_001492
QUEST_20150323_001493
QUEST_20150323_001494
QUEST_20150323_001495
QUEST_20150323_001496
QUEST_20150323_001497
QUEST_20150323_001498
QUEST_20150323_001499
QUEST_20150323_001500
QUEST_20150323_001501
QUEST_20150323_001502
QUEST_20150323_001503
QUEST_20150323_001504
QUEST_20150323_001505
QUEST_20150323_001506
QUEST_20150323_001507
QUEST_20150323_001508
QUEST_20150323_001509
QUEST_20150323_001510
QUEST_20150323_001511
QUEST_20150323_001512
QUEST_20150323_001513
QUEST_20150323_001514
QUEST_20150323_001515
QUEST_20150323_001516
QUEST_20150323_001517
QUEST_20150323_001518
QUEST_20150323_001519
QUEST_20150323_001520
QUEST_20150323_001521
QUEST_20150323_001522
QUEST_20150323_001523
QUEST_20150323_001524
QUEST_20150323_001525
QUEST_20150323_001526
QUEST_20150323_001527
QUEST_20150323_001528
QUEST_20150323_001529
QUEST_20150323_001530
QUEST_20150323_001531
QUEST_20150323_001532
QUEST_20150323_001533
QUEST_20150323_001534
QUEST_20150323_001535
QUEST_20150323_001536
QUEST_20150323_001537
QUEST_20150323_001538
QUEST_20150323_001539
QUEST_20150323_001540
QUEST_20150323_001541
QUEST_20150323_001542
QUEST_20150323_001543
QUEST_20150323_001544
QUEST_20150323_001545
QUEST_20150323_001546
QUEST_20150323_001547
QUEST_20150323_001548
QUEST_20150323_001549
QUEST_20150323_001550
QUEST_20150323_001551
QUEST_20150323_001552
QUEST_20150323_001553
QUEST_20150323_001554
QUEST_20150323_001555
QUEST_20150323_001556
QUEST_20150323_001557
QUEST_20150323_001558
QUEST_20150323_001559
QUEST_20150323_001560
QUEST_20150323_001561
QUEST_20150323_001562
QUEST_20150323_001563
QUEST_20150323_001564
QUEST_20150323_001565
QUEST_20150323_001566
QUEST_20150323_001567
QUEST_20150323_001568
QUEST_20150323_001569
QUEST_20150323_001570
QUEST_20150323_001571
QUEST_20150323_001572
QUEST_20150323_001573
QUEST_20150323_001574
QUEST_20150323_001575
QUEST_20150323_001576
QUEST_20150323_001577
QUEST_20150323_001578
QUEST_20150323_001579
QUEST_20150323_001580
QUEST_20150323_001581
QUEST_20150323_001582
QUEST_20150323_001583
QUEST_20150323_001584
QUEST_20150323_001585
QUEST_20150323_001586
QUEST_20150323_001587
QUEST_20150323_001588
QUEST_20150323_001589
QUEST_20150323_001590
QUEST_20150323_001591
QUEST_20150323_001592
QUEST_20150323_001593
QUEST_20150323_001594
QUEST_20150323_001595
QUEST_20150323_001596
QUEST_20150323_001597
QUEST_20150323_001598
QUEST_20150323_001599
QUEST_20150323_001600
QUEST_20150323_001601
QUEST_20150323_001602
QUEST_20150323_001603
QUEST_20150323_001604
QUEST_20150323_001605
QUEST_20150323_001606
QUEST_20150323_001607
QUEST_20150323_001608
QUEST_20150323_001609
QUEST_20150323_001610
QUEST_20150323_001611
QUEST_20150323_001612
QUEST_20150323_001613
QUEST_20150323_001614
QUEST_20150323_001615
QUEST_20150323_001616
QUEST_20150323_001617
QUEST_20150323_001618
QUEST_20150323_001619
QUEST_20150323_001620
QUEST_20150323_001621
QUEST_20150323_001622
QUEST_20150323_001623
QUEST_20150323_001624
QUEST_20150323_001625
QUEST_20150323_001626
QUEST_20150323_001627
QUEST_20150323_001628
QUEST_20150323_001629
QUEST_20150323_001630
QUEST_20150323_001631
QUEST_20150323_001632
QUEST_20150323_001633
QUEST_20150323_001634
QUEST_20150323_001635
QUEST_20150323_001636
QUEST_20150323_001637
QUEST_20150323_001638
QUEST_20150323_001639
QUEST_20150323_001640
QUEST_20150323_001641
QUEST_20150323_001642
QUEST_20150323_001643
QUEST_20150323_001644
QUEST_20150323_001645
QUEST_20150323_001646
QUEST_20150323_001647
QUEST_20150323_001648
QUEST_20150323_001649
QUEST_20150323_001650
QUEST_20150323_001651
QUEST_20150323_001652
QUEST_20150323_001653
QUEST_20150323_001654
QUEST_20150323_001655
QUEST_20150323_001656
QUEST_20150323_001657
QUEST_20150323_001658
QUEST_20150323_001659
QUEST_20150323_001660
QUEST_20150323_001661
QUEST_20150323_001662
QUEST_20150323_001663
QUEST_20150323_001664
QUEST_20150323_001665
QUEST_20150323_001666
QUEST_20150323_001667
QUEST_20150323_001668
QUEST_20150323_001669
QUEST_20150323_001670
QUEST_20150323_001671
QUEST_20150323_001672
QUEST_20150323_001673
QUEST_20150323_001674
QUEST_20150323_001675
QUEST_20150323_001676
QUEST_20150323_001677
QUEST_20150323_001678
QUEST_20150323_001679
QUEST_20150323_001680
QUEST_20150323_001681
QUEST_20150323_001682
QUEST_20150323_001683
QUEST_20150323_001684
QUEST_20150323_001685
QUEST_20150323_001686
QUEST_20150323_001687
QUEST_20150323_001688
QUEST_20150323_001689
QUEST_20150323_001691
QUEST_20150323_001692
QUEST_20150323_001693
QUEST_20150323_001694
QUEST_20150323_001695
QUEST_20150323_001696
QUEST_20150323_001697
QUEST_20150323_001698
QUEST_20150323_001699
QUEST_20150323_001700
QUEST_20150323_001701
QUEST_20150323_001702
QUEST_20150323_001703
QUEST_20150323_001704
QUEST_20150323_001705
QUEST_20150323_001706
QUEST_20150323_001707
QUEST_20150323_001708
QUEST_20150323_001709
QUEST_20150323_001710
QUEST_20150323_001711
QUEST_20150323_001712
QUEST_20150323_001713
QUEST_20150323_001714
QUEST_20150323_001715
QUEST_20150323_001716
QUEST_20150401_001717
QUEST_20150401_001718
QUEST_20150401_001719
QUEST_20150401_001720
QUEST_20150401_001721
QUEST_20150401_001722
QUEST_20150401_001723
QUEST_20150401_001724
QUEST_20150401_001725
QUEST_20150401_001726
QUEST_20150401_001727
QUEST_20150401_001728
QUEST_20150401_001729
QUEST_20150401_001730
QUEST_20150401_001731
QUEST_20150401_001732
QUEST_20150401_001733
QUEST_20150401_001734
QUEST_20150401_001735
QUEST_20150401_001736
QUEST_20150401_001737
QUEST_20150401_001738
QUEST_20150401_001739
QUEST_20150401_001740
QUEST_20150401_001741
QUEST_20150401_001742
QUEST_20150401_001743
QUEST_20150401_001744
QUEST_20150401_001745
QUEST_20150401_001746
QUEST_20150401_001747
QUEST_20150401_001748
QUEST_20150401_001749
QUEST_20150401_001750
QUEST_20150401_001751
QUEST_20150401_001752
QUEST_20150401_001753
QUEST_20150401_001754
QUEST_20150401_001755
QUEST_20150401_001756
QUEST_20150401_001757
QUEST_20150401_001758
QUEST_20150401_001759
QUEST_20150401_001760
QUEST_20150401_001761
QUEST_20150401_001762
QUEST_20150401_001763
QUEST_20150401_001764
QUEST_20150401_001765
QUEST_20150401_001766
QUEST_20150401_001768
QUEST_20150406_001769
QUEST_20150406_001770
QUEST_20150406_001771
QUEST_20150406_001772
QUEST_20150406_001773
QUEST_20150406_001774
QUEST_20150406_001775
QUEST_20150406_001776
QUEST_20150406_001777
QUEST_20150406_001778
QUEST_20150406_001779
QUEST_20150406_001780
QUEST_20150406_001781
QUEST_20150406_001782
QUEST_20150406_001783
QUEST_20150406_001784
QUEST_20150406_001785
QUEST_20150406_001786
QUEST_20150406_001787
QUEST_20150406_001788
QUEST_20150406_001789
QUEST_20150406_001790
QUEST_20150406_001791
QUEST_20150406_001792
QUEST_20150406_001793
QUEST_20150406_001794
QUEST_20150406_001795
QUEST_20150406_001796
QUEST_20150406_001797
QUEST_20150406_001798
QUEST_20150406_001800
QUEST_20150414_001801
QUEST_20150414_001802
QUEST_20150414_001803
QUEST_20150414_001804
QUEST_20150414_001805
QUEST_20150414_001806
QUEST_20150414_001807
QUEST_20150414_001808
QUEST_20150414_001809
QUEST_20150414_001810
QUEST_20150414_001811
QUEST_20150414_001812
QUEST_20150414_001813
QUEST_20150414_001814
QUEST_20150414_001815
QUEST_20150414_001816
QUEST_20150414_001817
QUEST_20150414_001818
QUEST_20150414_001819
QUEST_20150414_001820
QUEST_20150414_001821
QUEST_20150414_001822
QUEST_20150414_001823
QUEST_20150414_001824
QUEST_20150414_001825
QUEST_20150414_001826
QUEST_20150414_001827
QUEST_20150414_001828
QUEST_20150414_001829
QUEST_20150414_001830
QUEST_20150414_001831
QUEST_20150414_001832
QUEST_20150414_001833
QUEST_20150414_001834
QUEST_20150414_001835
QUEST_20150414_001836
QUEST_20150414_001837
QUEST_20150414_001838
QUEST_20150414_001839
QUEST_20150414_001840
QUEST_20150414_001841
QUEST_20150414_001842
QUEST_20150414_001843
QUEST_20150414_001844
QUEST_20150414_001845
QUEST_20150414_001846
QUEST_20150414_001847
QUEST_20150414_001848
QUEST_20150414_001849
QUEST_20150414_001850
QUEST_20150414_001851
QUEST_20150414_001852
QUEST_20150414_001853
QUEST_20150414_001854
QUEST_20150414_001855
QUEST_20150414_001856
QUEST_20150414_001857
QUEST_20150414_001858
QUEST_20150414_001859
QUEST_20150414_001860
QUEST_20150414_001861
QUEST_20150414_001862
QUEST_20150414_001863
QUEST_20150414_001864
QUEST_20150414_001865
QUEST_20150414_001866
QUEST_20150414_001867
QUEST_20150414_001868
QUEST_20150414_001869
QUEST_20150414_001870
QUEST_20150414_001871
QUEST_20150414_001872
QUEST_20150414_001873
QUEST_20150414_001874
QUEST_20150414_001875
QUEST_20150414_001876
QUEST_20150414_001877
QUEST_20150414_001878
QUEST_20150414_001879
QUEST_20150414_001880
QUEST_20150414_001881
QUEST_20150414_001882
QUEST_20150414_001883
QUEST_20150414_001884
QUEST_20150414_001885
QUEST_20150414_001886
QUEST_20150414_001887
QUEST_20150414_001888
QUEST_20150414_001889
QUEST_20150414_001890
QUEST_20150414_001891
QUEST_20150428_001892
QUEST_20150428_001893
QUEST_20150428_001894
QUEST_20150428_001895
QUEST_20150428_001896
QUEST_20150428_001897
QUEST_20150428_001898
QUEST_20150428_001899
QUEST_20150428_001900
QUEST_20150428_001901
QUEST_20150428_001902
QUEST_20150428_001903
QUEST_20150428_001904
QUEST_20150428_001905
QUEST_20150428_001906
QUEST_20150428_001907
QUEST_20150428_001908
QUEST_20150428_001909
QUEST_20150428_001910
QUEST_20150428_001911
QUEST_20150428_001912
QUEST_20150428_001913
QUEST_20150428_001914
QUEST_20150428_001915
QUEST_20150428_001916
QUEST_20150428_001917
QUEST_20150428_001918
QUEST_20150428_001919
QUEST_20150428_001920
QUEST_20150428_001921
QUEST_20150428_001922
QUEST_20150428_001923
QUEST_20150428_001924
QUEST_20150428_001925
QUEST_20150428_001926
QUEST_20150428_001927
QUEST_20150428_001928
QUEST_20150428_001929
QUEST_20150428_001930
QUEST_20150428_001931
QUEST_20150428_001932
QUEST_20150428_001933
QUEST_20150428_001934
QUEST_20150428_001935
QUEST_20150428_001936
QUEST_20150428_001937
QUEST_20150428_001938
QUEST_20150428_001939
QUEST_20150428_001940
QUEST_20150428_001941
QUEST_20150428_001942
QUEST_20150428_001943
QUEST_20150428_001944
QUEST_20150428_001945
QUEST_20150428_001946
QUEST_20150428_001947
QUEST_20150428_001948
QUEST_20150428_001949
QUEST_20150428_001950
QUEST_20150428_001951
QUEST_20150428_001952
QUEST_20150428_001953
QUEST_20150428_001954
QUEST_20150428_001955
QUEST_20150428_001956
QUEST_20150428_001957
QUEST_20150428_001958
QUEST_20150428_001959
QUEST_20150428_001960
QUEST_20150428_001961
QUEST_20150428_001962
QUEST_20150428_001963
QUEST_20150428_001964
QUEST_20150428_001965
QUEST_20150428_001966
QUEST_20150428_001967
QUEST_20150428_001968
QUEST_20150428_001969
QUEST_20150428_001970
QUEST_20150428_001971
QUEST_20150428_001972
QUEST_20150428_001973
QUEST_20150428_001974
QUEST_20150428_001975
QUEST_20150428_001976
QUEST_20150428_001977
QUEST_20150428_001978
QUEST_20150428_001979
QUEST_20150428_001980
QUEST_20150428_001981
QUEST_20150428_001982
QUEST_20150511_001983
QUEST_20150511_001984
QUEST_20150511_001985
QUEST_20150511_001986
QUEST_20150511_001987
QUEST_20150511_001988
QUEST_20150511_001989
QUEST_20150511_001990
QUEST_20150511_001991
QUEST_20150511_001992
QUEST_20150511_001993
QUEST_20150511_001994
QUEST_20150511_001995
QUEST_20150511_001996
QUEST_20150511_001997
QUEST_20150511_001998
QUEST_20150511_001999
QUEST_20150511_002000
QUEST_20150511_002001
QUEST_20150511_002002
QUEST_20150511_002003
QUEST_20150511_002004
QUEST_20150511_002005
QUEST_20150511_002006
QUEST_20150511_002007
QUEST_20150511_002008
QUEST_20150511_002009
QUEST_20150511_002010
QUEST_20150511_002011
QUEST_20150511_002012
QUEST_20150511_002013
QUEST_20150511_002014
QUEST_20150511_002015
QUEST_20150511_002016
QUEST_20150511_002017
QUEST_20150511_002018
QUEST_20150511_002019
QUEST_20150511_002020
QUEST_20150511_002021
QUEST_20150511_002022
QUEST_20150511_002023
QUEST_20150511_002024
QUEST_20150511_002025
QUEST_20150511_002026
QUEST_20150511_002027
QUEST_20150511_002028
QUEST_20150511_002029
QUEST_20150511_002030
QUEST_20150511_002031
QUEST_20150511_002032
QUEST_20150511_002033
QUEST_20150714_002034
QUEST_20150714_002035
QUEST_20150714_002036
QUEST_20150714_002037
QUEST_20150714_002038
QUEST_20150714_002039
QUEST_20150714_002040
QUEST_20150714_002041
QUEST_20150714_002042
QUEST_20150714_002043
QUEST_20150714_002044
QUEST_20150714_002045
QUEST_20150714_002046
QUEST_20150714_002047
QUEST_20150714_002048
QUEST_20150714_002049
QUEST_20150714_002050
QUEST_20150714_002051
QUEST_20150714_002052
QUEST_20150714_002053
QUEST_20150714_002054
QUEST_20150714_002055
QUEST_20150714_002056
QUEST_20150714_002057
QUEST_20150714_002058
QUEST_20150714_002059
QUEST_20150714_002060
QUEST_20150714_002061
QUEST_20150714_002062
QUEST_20150714_002063
QUEST_20150714_002064
QUEST_20150714_002065
QUEST_20150714_002066
QUEST_20150714_002067
QUEST_20150714_002068
QUEST_20150714_002069
QUEST_20150714_002070
QUEST_20150714_002071
QUEST_20150714_002072
QUEST_20150714_002073
QUEST_20150714_002074
QUEST_20150714_002075
QUEST_20150714_002076
QUEST_20150714_002077
QUEST_20150714_002078
QUEST_20150714_002079
QUEST_20150714_002080
QUEST_20150714_002081
QUEST_20150714_002082
QUEST_20150714_002083
QUEST_20150714_002084
QUEST_20150714_002085
QUEST_20150714_002086
QUEST_20150714_002087
QUEST_20150714_002088
QUEST_20150714_002089
QUEST_20150714_002090
QUEST_20150714_002091
QUEST_20150714_002092
QUEST_20150714_002093
QUEST_20150714_002094
QUEST_20150714_002095
QUEST_20150714_002096
QUEST_20150714_002097
QUEST_20150714_002098
QUEST_20150714_002099
QUEST_20150714_002100
QUEST_20150714_002101
QUEST_20150714_002102
QUEST_20150714_002103
QUEST_20150714_002104
QUEST_20150714_002105
QUEST_20150714_002106
QUEST_20150714_002107
QUEST_20150714_002108
QUEST_20150714_002109
QUEST_20150714_002110
QUEST_20150714_002111
QUEST_20150714_002112
QUEST_20150714_002113
QUEST_20150714_002114
QUEST_20150714_002115
QUEST_20150714_002116
QUEST_20150714_002117
QUEST_20150714_002118
QUEST_20150714_002119
QUEST_20150714_002120
QUEST_20150714_002121
QUEST_20150714_002122
QUEST_20150714_002123
QUEST_20150714_002124
QUEST_20150714_002125
QUEST_20150714_002126
QUEST_20150714_002127
QUEST_20150714_002128
QUEST_20150714_002129
QUEST_20150714_002130
QUEST_20150714_002131
QUEST_20150714_002132
QUEST_20150714_002133
QUEST_20150714_002134
QUEST_20150714_002135
QUEST_20150714_002136
QUEST_20150714_002137
QUEST_20150714_002138
QUEST_20150714_002139
QUEST_20150714_002140
QUEST_20150714_002141
QUEST_20150714_002142
QUEST_20150714_002143
QUEST_20150714_002144
QUEST_20150714_002145
QUEST_20150714_002146
QUEST_20150714_002147
QUEST_20150714_002148
QUEST_20150714_002149
QUEST_20150714_002150
QUEST_20150714_002151
QUEST_20150714_002152
QUEST_20150714_002153
QUEST_20150714_002154
QUEST_20150714_002155
QUEST_20150714_002156
QUEST_20150714_002157
QUEST_20150714_002158
QUEST_20150714_002159
QUEST_20150714_002160
QUEST_20150714_002161
QUEST_20150714_002162
QUEST_20150714_002163
QUEST_20150714_002164
QUEST_20150714_002165
QUEST_20150714_002166
QUEST_20150714_002167
QUEST_20150714_002168
QUEST_20150714_002169
QUEST_20150714_002170
QUEST_20150714_002171
QUEST_20150714_002172
QUEST_20150714_002173
QUEST_20150714_002174
QUEST_20150714_002175
QUEST_20150714_002176
QUEST_20150714_002177
QUEST_20150714_002178
QUEST_20150714_002179
QUEST_20150714_002180
QUEST_20150714_002181
QUEST_20150714_002182
QUEST_20150714_002183
QUEST_20150714_002184
QUEST_20150714_002185
QUEST_20150714_002186
QUEST_20150714_002187
QUEST_20150714_002188
QUEST_20150714_002189
QUEST_20150714_002190
QUEST_20150714_002191
QUEST_20150714_002192
QUEST_20150714_002193
QUEST_20150714_002194
QUEST_20150714_002195
QUEST_20150714_002196
QUEST_20150714_002197
QUEST_20150714_002198
QUEST_20150714_002199
QUEST_20150714_002200
QUEST_20150714_002201
QUEST_20150714_002202
QUEST_20150714_002203
QUEST_20150714_002204
QUEST_20150714_002205
QUEST_20150714_002206
QUEST_20150714_002207
QUEST_20150714_002208
QUEST_20150714_002209
QUEST_20150714_002210
QUEST_20150714_002211
QUEST_20150714_002212
QUEST_20150714_002213
QUEST_20150714_002214
QUEST_20150714_002215
QUEST_20150714_002216
QUEST_20150714_002217
QUEST_20150714_002218
QUEST_20150714_002219
QUEST_20150714_002220
QUEST_20150714_002221
QUEST_20150714_002222
QUEST_20150714_002223
QUEST_20150714_002224
QUEST_20150714_002225
QUEST_20150714_002226
QUEST_20150714_002227
QUEST_20150714_002228
QUEST_20150714_002229
QUEST_20150714_002230
QUEST_20150714_002231
QUEST_20150714_002232
QUEST_20150714_002233
QUEST_20150714_002234
QUEST_20150714_002235
QUEST_20150714_002236
QUEST_20150714_002237
QUEST_20150714_002238
QUEST_20150714_002239
QUEST_20150714_002240
QUEST_20150714_002241
QUEST_20150714_002242
QUEST_20150714_002243
QUEST_20150714_002244
QUEST_20150714_002245
QUEST_20150714_002246
QUEST_20150714_002247
QUEST_20150715_002248
QUEST_20150715_002249
QUEST_20150717_002250
QUEST_20150717_002251
QUEST_20150717_002252
QUEST_20150717_002253
QUEST_20150717_002254
QUEST_20150717_002255
QUEST_20150717_002256
QUEST_20150717_002257
QUEST_20150717_002258
QUEST_20150717_002259
QUEST_20150717_002260
QUEST_20150717_002261
QUEST_20150717_002262
QUEST_20150717_002263
QUEST_20150717_002264
QUEST_20150717_002265
QUEST_20150717_002266
QUEST_20150717_002267
QUEST_20150717_002268
QUEST_20150717_002269
QUEST_20150717_002270
QUEST_20150717_002271
QUEST_20150717_002272
QUEST_20150717_002273
QUEST_20150717_002275
QUEST_20150717_002276
QUEST_20150717_002277
QUEST_20150729_002281
QUEST_20150729_002282
QUEST_20150729_002283
QUEST_20150729_002284
QUEST_20150729_002285
QUEST_20150729_002286
QUEST_20150729_002287
QUEST_20150729_002288
QUEST_20150729_002289
QUEST_20150729_002290
QUEST_20150729_002291
QUEST_20150729_002292
QUEST_20150729_002293
QUEST_20150729_002294
QUEST_20150729_002295
QUEST_20150729_002296
QUEST_20150729_002297
QUEST_20150729_002298
QUEST_20150729_002299
QUEST_20150729_002300
QUEST_20150729_002301
QUEST_20150729_002302
QUEST_20150729_002303
QUEST_20150729_002304
QUEST_20150729_002305
QUEST_20150729_002306
QUEST_20150729_002307
QUEST_20150729_002308
QUEST_20150729_002309
QUEST_20150729_002310
QUEST_20150729_002311
QUEST_20150729_002312
QUEST_20150729_002313
QUEST_20150729_002314
QUEST_20150729_002315
QUEST_20150729_002316
QUEST_20150729_002317
QUEST_20150729_002318
QUEST_20150729_002319
QUEST_20150729_002320
QUEST_20150729_002321
QUEST_20150729_002322
QUEST_20150729_002323
QUEST_20150729_002324
QUEST_20150729_002325
QUEST_20150729_002326
QUEST_20150729_002327
QUEST_20150729_002328
QUEST_20150729_002329
QUEST_20150729_002330
QUEST_20150729_002331
QUEST_20150729_002332
QUEST_20150729_002333
QUEST_20150729_002334
QUEST_20150729_002335
QUEST_20150729_002336
QUEST_20150729_002337
QUEST_20150729_002338
QUEST_20150729_002339
QUEST_20150729_002340
QUEST_20150729_002341
QUEST_20150729_002342
QUEST_20150729_002343
QUEST_20150729_002344
QUEST_20150729_002345
QUEST_20150729_002346
QUEST_20150729_002347
QUEST_20150729_002348
QUEST_20150729_002349
QUEST_20150729_002350
QUEST_20150729_002351
QUEST_20150729_002352
QUEST_20150729_002353
QUEST_20150729_002354
QUEST_20150729_002355
QUEST_20150729_002356
QUEST_20150729_002357
QUEST_20150729_002358
QUEST_20150729_002359
QUEST_20150729_002360
QUEST_20150729_002361
QUEST_20150729_002362
QUEST_20150729_002363
QUEST_20150729_002364
QUEST_20150729_002365
QUEST_20150729_002366
QUEST_20150729_002367
QUEST_20150729_002368
QUEST_20150729_002369
QUEST_20150729_002370
QUEST_20150729_002371
QUEST_20150729_002372
QUEST_20150729_002373
QUEST_20150729_002374
QUEST_20150729_002375
QUEST_20150729_002376
QUEST_20150729_002377
QUEST_20150729_002378
QUEST_20150729_002379
QUEST_20150729_002380
QUEST_20150729_002381
QUEST_20150729_002382
QUEST_20150729_002383
QUEST_20150729_002384
QUEST_20150730_002385
QUEST_20150730_002386
QUEST_20150803_002387
QUEST_20150803_002388
QUEST_20150803_002389
QUEST_20150803_002390
QUEST_20150803_002391
QUEST_20150803_002392
QUEST_20150803_002393
QUEST_20150803_002394
QUEST_20150803_002395
QUEST_20150803_002396
QUEST_20150803_002397
QUEST_20150803_002398
QUEST_20150803_002399
QUEST_20150803_002400
QUEST_20150804_002401
QUEST_20150908_002402
QUEST_20150918_002403
QUEST_20150918_002404
QUEST_20150918_002405
QUEST_20150918_002406
QUEST_20150918_002407
QUEST_20150918_002408
QUEST_20150918_002409
QUEST_20150918_002410
QUEST_20150918_002411
QUEST_20150918_002412
QUEST_20150918_002413
QUEST_20150918_002414
QUEST_20150918_002415
QUEST_20150918_002416
QUEST_20150918_002417
QUEST_20150918_002418
QUEST_20150918_002419
QUEST_20150918_002420
QUEST_20150918_002421
QUEST_20150918_002422
QUEST_20150918_002423
QUEST_20150918_002424
QUEST_20150918_002425
QUEST_20150918_002426
QUEST_20150918_002427
QUEST_20150918_002428
QUEST_20150918_002429
QUEST_20150918_002430
QUEST_20150918_002431
QUEST_20150918_002432
QUEST_20150918_002433
QUEST_20150918_002434
QUEST_20150918_002435
QUEST_20150918_002436
QUEST_20150918_002437
QUEST_20150918_002438
QUEST_20150918_002439
QUEST_20150918_002440
QUEST_20150918_002441
QUEST_20150918_002442
QUEST_20150918_002443
QUEST_20150918_002444
QUEST_20150918_002445
QUEST_20150918_002446
QUEST_20151001_002447
QUEST_20151001_002448
QUEST_20151001_002449
QUEST_20151001_002450
QUEST_20151001_002451
QUEST_20151001_002452
QUEST_20151001_002453
QUEST_20151001_002454
QUEST_20151001_002455
QUEST_20151001_002456
QUEST_20151001_002457
QUEST_20151001_002458
QUEST_20151001_002459
QUEST_20151001_002460
QUEST_20151001_002461
QUEST_20151001_002462
QUEST_20151001_002463
QUEST_20151001_002464
QUEST_20151001_002465
QUEST_20151001_002466
QUEST_20151001_002467
QUEST_20151001_002468
QUEST_20151001_002469
QUEST_20151001_002470
QUEST_20151001_002471
QUEST_20151001_002472
QUEST_20151001_002473
QUEST_20151001_002474
QUEST_20151001_002475
QUEST_20151001_002476
QUEST_20151001_002477
QUEST_20151001_002478
QUEST_20151001_002479
QUEST_20151001_002480
QUEST_20151001_002481
QUEST_20151001_002482
QUEST_20151001_002483
QUEST_20151001_002484
QUEST_20151001_002485
QUEST_20151001_002486
QUEST_20151001_002487
QUEST_20151001_002488
QUEST_20151001_002489
QUEST_20151001_002490
QUEST_20151001_002491
QUEST_20151001_002492
QUEST_20151001_002493
QUEST_20151001_002494
QUEST_20151001_002495
QUEST_20151001_002496
QUEST_20151001_002497
QUEST_20151001_002498
QUEST_20151001_002499
QUEST_20151001_002500
QUEST_20151001_002501
QUEST_20151001_002502
QUEST_20151001_002503
QUEST_20151001_002504
QUEST_20151001_002505
QUEST_20151001_002506
QUEST_20151001_002507
QUEST_20151001_002508
QUEST_20151001_002509
QUEST_20151001_002510
QUEST_20151001_002511
QUEST_20151001_002512
QUEST_20151001_002513
QUEST_20151001_002514
QUEST_20151001_002515
QUEST_20151001_002516
QUEST_20151001_002517
QUEST_20151001_002518
QUEST_20151001_002519
QUEST_20151001_002520
QUEST_20151001_002521
QUEST_20151001_002522
QUEST_20151001_002523
QUEST_20151001_002524
QUEST_20151001_002525
QUEST_20151001_002526
QUEST_20151001_002527
QUEST_20151001_002528
QUEST_20151001_002529
QUEST_20151001_002530
QUEST_20151001_002531
QUEST_20151001_002532
QUEST_20151001_002533
QUEST_20151001_002534
QUEST_20151001_002535
QUEST_20151001_002536
QUEST_20151001_002537
QUEST_20151001_002538
QUEST_20151001_002539
QUEST_20151001_002540
QUEST_20151001_002541
QUEST_20151001_002542
QUEST_20151001_002543
QUEST_20151001_002544
QUEST_20151001_002545
QUEST_20151001_002546
QUEST_20151001_002547
QUEST_20151001_002548
QUEST_20151001_002549
QUEST_20151001_002550
QUEST_20151001_002551
QUEST_20151001_002552
QUEST_20151001_002553
QUEST_20151001_002554
QUEST_20151001_002555
QUEST_20151001_002556
QUEST_20151001_002557
QUEST_20151001_002558
QUEST_20151001_002559
QUEST_20151001_002560
QUEST_20151001_002561
QUEST_20151001_002562
QUEST_20151001_002563
QUEST_20151001_002564
QUEST_20151001_002565
QUEST_20151001_002566
QUEST_20151001_002567
QUEST_20151001_002568
QUEST_20151001_002569
QUEST_20151001_002570
QUEST_20151001_002571
QUEST_20151001_002572
QUEST_20151001_002573
QUEST_20151001_002574
QUEST_20151001_002575
QUEST_20151001_002576
QUEST_20151001_002577
QUEST_20151001_002578
QUEST_20151001_002579
QUEST_20151001_002580
QUEST_20151001_002581
QUEST_20151001_002582
QUEST_20151001_002583
QUEST_20151001_002584
QUEST_20151001_002585
QUEST_20151001_002586
QUEST_20151001_002587
QUEST_20151001_002588
QUEST_20151001_002589
QUEST_20151001_002590
QUEST_20151001_002591
QUEST_20151001_002592
QUEST_20151001_002593
QUEST_20151001_002594
QUEST_20151001_002595
QUEST_20151001_002596
QUEST_20151001_002597
QUEST_20151001_002598
QUEST_20151001_002599
QUEST_20151001_002600
QUEST_20151001_002601
QUEST_20151001_002602
QUEST_20151001_002603
QUEST_20151001_002604
QUEST_20151001_002605
QUEST_20151001_002606
QUEST_20151001_002607
QUEST_20151001_002608
QUEST_20151001_002609
QUEST_20151001_002610
QUEST_20151001_002611
QUEST_20151001_002612
QUEST_20151001_002613
QUEST_20151001_002614
QUEST_20151001_002615
QUEST_20151001_002616
QUEST_20151001_002617
QUEST_20151001_002618
QUEST_20151001_002619
QUEST_20151001_002620
QUEST_20151001_002621
QUEST_20151001_002622
QUEST_20151001_002623
QUEST_20151001_002624
QUEST_20151001_002625
QUEST_20151001_002626
QUEST_20151001_002627
QUEST_20151001_002628
QUEST_20151001_002629
QUEST_20151001_002630
QUEST_20151001_002631
QUEST_20151001_002632
QUEST_20151001_002633
QUEST_20151001_002634
QUEST_20151001_002635
QUEST_20151001_002636
QUEST_20151001_002637
QUEST_20151001_002638
QUEST_20151001_002639
QUEST_20151001_002640
QUEST_20151001_002641
QUEST_20151001_002642
QUEST_20151001_002643
QUEST_20151001_002644
QUEST_20151001_002645
QUEST_20151001_002646
QUEST_20151001_002647
QUEST_20151001_002648
QUEST_20151001_002649
QUEST_20151001_002650
QUEST_20151001_002651
QUEST_20151001_002652
QUEST_20151001_002653
QUEST_20151001_002654
QUEST_20151001_002655
QUEST_20151001_002656
QUEST_20151001_002657
QUEST_20151001_002658
QUEST_20151001_002659
QUEST_20151001_002660
QUEST_20151001_002661
QUEST_20151001_002662
QUEST_20151001_002663
QUEST_20151001_002664
QUEST_20151001_002665
QUEST_20151001_002666
QUEST_20151001_002667
QUEST_20151001_002668
QUEST_20151001_002669
QUEST_20151001_002670
QUEST_20151001_002671
QUEST_20151001_002672
QUEST_20151001_002673
QUEST_20151001_002674
QUEST_20151001_002675
QUEST_20151001_002676
QUEST_20151001_002677
QUEST_20151001_002678
QUEST_20151001_002679
QUEST_20151001_002680
QUEST_20151001_002681
QUEST_20151001_002682
QUEST_20151001_002683
QUEST_20151001_002684
QUEST_20151001_002685
QUEST_20151001_002686
QUEST_20151001_002687
QUEST_20151001_002688
QUEST_20151001_002689
QUEST_20151001_002690
QUEST_20151001_002691
QUEST_20151001_002692
QUEST_20151001_002693
QUEST_20151001_002694
QUEST_20151001_002695
QUEST_20151001_002696
QUEST_20151001_002697
QUEST_20151001_002698
QUEST_20151001_002699
QUEST_20151001_002700
QUEST_20151001_002701
QUEST_20151001_002702
QUEST_20151001_002703
QUEST_20151001_002704
QUEST_20151001_002705
QUEST_20151016_002706
QUEST_20151016_002707
QUEST_20151016_002708
QUEST_20151016_002709
QUEST_20151016_002710
QUEST_20151016_002711
QUEST_20151016_002712
QUEST_20151016_002713
QUEST_20151016_002714
QUEST_20151016_002715
QUEST_20151016_002716
QUEST_20151016_002717
QUEST_20151016_002718
QUEST_20151016_002719
QUEST_20151016_002720
QUEST_20151016_002721
QUEST_20151016_002722
QUEST_20151016_002723
QUEST_20151016_002724
QUEST_20151016_002725
QUEST_20151016_002726
QUEST_20151016_002727
QUEST_20151016_002728
QUEST_20151016_002729
QUEST_20151016_002730
QUEST_20151016_002731
QUEST_20151016_002732
QUEST_20151016_002733
QUEST_20151016_002734
QUEST_20151016_002735
QUEST_20151016_002736
QUEST_20151016_002737
QUEST_20151016_002738
QUEST_20151016_002739
QUEST_20151016_002740
QUEST_20151016_002741
QUEST_20151016_002742
QUEST_20151016_002743
QUEST_20151016_002744
QUEST_20151016_002745
QUEST_20151016_002746
QUEST_20151016_002747
QUEST_20151016_002748
QUEST_20151016_002749
QUEST_20151016_002750
QUEST_20151016_002751
QUEST_20151016_002752
QUEST_20151016_002753
QUEST_20151016_002754
QUEST_20151016_002755
QUEST_20151016_002756
QUEST_20151016_002757
QUEST_20151016_002758
QUEST_20151016_002759
QUEST_20151016_002760
QUEST_20151016_002761
QUEST_20151016_002762
QUEST_20151016_002763
QUEST_20151016_002764
QUEST_20151016_002765
QUEST_20151016_002766
QUEST_20151016_002767
QUEST_20151016_002768
QUEST_20151016_002769
QUEST_20151016_002770
QUEST_20151016_002771
QUEST_20151016_002772
QUEST_20151016_002773
QUEST_20151016_002774
QUEST_20151016_002775
QUEST_20151016_002776
QUEST_20151016_002777
QUEST_20151016_002778
QUEST_20151016_002779
QUEST_20151016_002780
QUEST_20151016_002781
QUEST_20151016_002782
QUEST_20151016_002783
QUEST_20151016_002784
QUEST_20151016_002785
QUEST_20151016_002786
QUEST_20151016_002787
QUEST_20151016_002788
QUEST_20151016_002789
QUEST_20151016_002790
QUEST_20151016_002791
QUEST_20151016_002792
QUEST_20151016_002793
QUEST_20151016_002794
QUEST_20151016_002795
QUEST_20151016_002796
QUEST_20151016_002797
QUEST_20151016_002798
QUEST_20151022_002799
QUEST_20151022_002800
QUEST_20151022_002801
QUEST_20151022_002802
QUEST_20151022_002803
QUEST_20151022_002804
QUEST_20151022_002805
QUEST_20151022_002806
QUEST_20151022_002807
QUEST_20151022_002808
QUEST_20151022_002809
QUEST_20151022_002810
QUEST_20151022_002811
QUEST_20151022_002812
QUEST_20151022_002813
QUEST_20151022_002814
QUEST_20151022_002815
QUEST_20151022_002816
QUEST_20151022_002817
QUEST_20151022_002818
QUEST_20151022_002819
QUEST_20151022_002820
QUEST_20151022_002821
QUEST_20151022_002822
QUEST_20151022_002823
QUEST_20151022_002824
QUEST_20151022_002825
QUEST_20151022_002826
QUEST_20151022_002827
QUEST_20151022_002828
QUEST_20151022_002829
QUEST_20151022_002830
QUEST_20151022_002831
QUEST_20151022_002832
QUEST_20151022_002833
QUEST_20151022_002834
QUEST_20151022_002835
QUEST_20151022_002836
QUEST_20151022_002837
QUEST_20151022_002838
QUEST_20151022_002839
QUEST_20151022_002840
QUEST_20151022_002841
QUEST_20151022_002842
QUEST_20151022_002843
QUEST_20151022_002844
QUEST_20151022_002845
QUEST_20151022_002846
QUEST_20151022_002847
QUEST_20151022_002848
QUEST_20151022_002849
QUEST_20151022_002850
QUEST_20151022_002851
QUEST_20151022_002852
QUEST_20151022_002853
QUEST_20151022_002854
QUEST_20151022_002855
QUEST_20151022_002856
QUEST_20151022_002857
QUEST_20151022_002858
QUEST_20151022_002859
QUEST_20151022_002860
QUEST_20151022_002861
QUEST_20151022_002862
QUEST_20151022_002863
QUEST_20151022_002864
QUEST_20151022_002865
QUEST_20151022_002866
QUEST_20151022_002867
QUEST_20151022_002868
QUEST_20151022_002869
QUEST_20151022_002870
QUEST_20151022_002871
QUEST_20151022_002872
QUEST_20151022_002873
QUEST_20151022_002874
QUEST_20151022_002875
QUEST_20151022_002876
QUEST_20151022_002877
QUEST_20151022_002878
QUEST_20151022_002879
QUEST_20151022_002880
QUEST_20151022_002881
QUEST_20151022_002882
QUEST_20151022_002883
QUEST_20151022_002884
QUEST_20151022_002885
QUEST_20151022_002886
QUEST_20151022_002887
QUEST_20151022_002888
QUEST_20151022_002889
QUEST_20151022_002890
QUEST_20151022_002891
QUEST_20151022_002892
QUEST_20151022_002893
QUEST_20151022_002894
QUEST_20151022_002895
QUEST_20151022_002896
QUEST_20151022_002897
QUEST_20151022_002898
QUEST_20151022_002899
QUEST_20151022_002900
QUEST_20151022_002901
QUEST_20151022_002902
QUEST_20151022_002903
QUEST_20151022_002904
QUEST_20151022_002905
QUEST_20151022_002906
QUEST_20151022_002907
QUEST_20151022_002908
QUEST_20151022_002909
QUEST_20151102_002910
QUEST_20151102_002911
QUEST_20151102_002912
QUEST_20151102_002913
QUEST_20151102_002914
QUEST_20151102_002915
QUEST_20151102_002916
QUEST_20151102_002917
QUEST_20151102_002918
QUEST_20151102_002919
QUEST_20151102_002920
QUEST_20151102_002921
QUEST_20151102_002922
QUEST_20151102_002923
QUEST_20151102_002924
QUEST_20151102_002925
QUEST_20151102_002926
QUEST_20151102_002927
QUEST_20151102_002928
QUEST_20151102_002929
QUEST_20151102_002930
QUEST_20151102_002931
QUEST_20151102_002932
QUEST_20151102_002933
QUEST_20151102_002934
QUEST_20151102_002935
QUEST_20151102_002936
QUEST_20151102_002937
QUEST_20151102_002938
QUEST_20151102_002939
QUEST_20151102_002940
QUEST_20151102_002941
QUEST_20151102_002942
QUEST_20151102_002943
QUEST_20151102_002944
QUEST_20151102_002945
QUEST_20151102_002946
QUEST_20151102_002947
QUEST_20151102_002948
QUEST_20151102_002949
QUEST_20151102_002950
QUEST_20151102_002951
QUEST_20151102_002952
QUEST_20151102_002953
QUEST_20151102_002954
QUEST_20151102_002955
QUEST_20151102_002956
QUEST_20151102_002957
QUEST_20151102_002958
QUEST_20151102_002959
QUEST_20151102_002960
QUEST_20151102_002961
QUEST_20151102_002962
QUEST_20151102_002963
QUEST_20151102_002964
QUEST_20151102_002965
QUEST_20151102_002966
QUEST_20151102_002967
QUEST_20151102_002968
QUEST_20151102_002969
QUEST_20151102_002970
QUEST_20151102_002971
QUEST_20151102_002972
QUEST_20151102_002973
QUEST_20151102_002974
QUEST_20151102_002975
QUEST_20151102_002976
QUEST_20151102_002977
QUEST_20151102_002978
QUEST_20151102_002979
QUEST_20151102_002980
QUEST_20151102_002981
QUEST_20151102_002982
QUEST_20151102_002983
QUEST_20151102_002984
QUEST_20151102_002985
QUEST_20151102_002986
QUEST_20151102_002987
QUEST_20151102_002988
QUEST_20151102_002989
QUEST_20151102_002990
QUEST_20151102_002991
QUEST_20151102_002992
QUEST_20151102_002993
QUEST_20151102_002994
QUEST_20151102_002995
QUEST_20151102_002996
QUEST_20151102_002997
QUEST_20151102_002998
QUEST_20151102_002999
QUEST_20151102_003000
QUEST_20151102_003001
QUEST_20151102_003002
QUEST_20151102_003003
QUEST_20151102_003004
QUEST_20151102_003005
QUEST_20151102_003006
QUEST_20151102_003007
QUEST_20151102_003008
QUEST_20151102_003009
QUEST_20151102_003010
QUEST_20151102_003011
QUEST_20151102_003012
QUEST_20151102_003013
QUEST_20151102_003014
QUEST_20151102_003015
QUEST_20151102_003016
QUEST_20151102_003017
QUEST_20151102_003018
QUEST_20151102_003019
QUEST_20151102_003020
QUEST_20151102_003021
QUEST_20151102_003022
QUEST_20151102_003023
QUEST_20151102_003024
